==72637== Memcheck, a memory error detector
==72637== Copyright (C) 2002-2022, and GNU GPL'd, by Julian Seward et al.
==72637== Using Valgrind-3.19.0 and LibVEX; rerun with -h for copyright info
==72637== Command: bazel-bin/mediapipe/examples/coral/hand_tracking_tpu_client mediapipe/examples/coral/graphs/hand_tracking_tpu.pbtxt
==72637== 
WARNING: All log messages before absl::InitializeLog() is called are written to STDERR
I0000 00:00:1757047065.811474   72637 hand_tracking_tpu_lib.cc:51] Get calculator graph config contents: # MediaPipe graph that performs hand tracking with Edge TPU acceleration.

# CPU image. (ImageFrame)
input_stream: "input_video"

# CPU image. (ImageFrame)
output_stream: "output_video"

# Generates side packet with max number of hands to detect/track.
node {
  calculator: "ConstantSidePacketCalculator"
  output_side_packet: "PACKET:num_hands"
  options: {
    [mediapipe.ConstantSidePacketCalculatorOptions.ext]: {
      packet { int_value: 2 }
    }
  }
}

# Detects/tracks hand landmarks.
node {
  calculator: "HandLandmarkTrackingCpu"
  input_stream: "IMAGE:input_video"
  input_side_packet: "NUM_HANDS:num_hands"
  output_stream: "LANDMARKS:landmarks"
  output_stream: "HANDEDNESS:handedness"
  output_stream: "PALM_DETECTIONS:multi_palm_detections"
  output_stream: "HAND_ROIS_FROM_LANDMARKS:multi_hand_rects"
  output_stream: "HAND_ROIS_FROM_PALM_DETECTIONS:multi_palm_rects"
}

# Subgraph that renders annotations and overlays them on top of the input
# images (see hand_renderer_cpu.pbtxt).
node {
  calculator: "HandRendererSubgraph"
  input_stream: "IMAGE:input_video"
  input_stream: "DETECTIONS:multi_palm_detections"
  input_stream: "LANDMARKS:landmarks"
  input_stream: "HANDEDNESS:handedness"
  input_stream: "NORM_RECTS:0:multi_palm_rects"
  input_stream: "NORM_RECTS:1:multi_hand_rects"
  output_stream: "IMAGE:output_video"
}
I0000 00:00:1757047066.111178   72637 hand_tracking_tpu_lib.cc:57] Initialize the calculator graph
I0000 00:00:1757047068.729182   72637 hand_tracking_tpu_lib.cc:60] Graph initialization status: OK
INFO: Initialized TensorFlow Lite runtime.
Frame 0
Frame 1
Frame 2
Frame 3
Frame 4
Frame 5
Frame 6
Frame 7
Frame 8
Frame 9
Frame 10
Frame 11
Frame 12
Frame 13
Frame 14
Frame 15
Frame 16
Frame 17
Frame 18
Frame 19
Frame 20
Frame 21
Frame 22
Frame 23
Frame 24
Frame 25
Frame 26
Frame 27
Frame 28
Frame 29
Frame 30
W0000 00:00:1757047082.495200   72702 landmark_projection_calculator.cc:186] Using NORM_RECT without IMAGE_DIMENSIONS is only supported for the square ROI. Provide IMAGE_DIMENSIONS or use PROJECTION_MATRIX.
Frame 31
Frame 32
Frame 33
Frame 34
Frame 35
Frame 36
Frame 37
Frame 38
Frame 39
Frame 40
Frame 41
Frame 42
Frame 43
Frame 44
Frame 45
Frame 46
Frame 47
Frame 48
Frame 49
Frame 50
Frame 51
Frame 52
Frame 53
Frame 54
Frame 55
Frame 56
Frame 57
Frame 58
Frame 59
Frame 60
Frame 61
Frame 62
Frame 63
Frame 64
Frame 65
Frame 66
Frame 67
Frame 68
Frame 69
Frame 70
Frame 71
Frame 72
Frame 73
Frame 74
Frame 75
Frame 76
Frame 77
Frame 78
Frame 79
Frame 80
Frame 81
Frame 82
Frame 83
Frame 84
Frame 85
Frame 86
Frame 87
Frame 88
Frame 89
Frame 90
Frame 91
Frame 92
Frame 93
Frame 94
Frame 95
Frame 96
Frame 97
Frame 98
Frame 99
==72637== 
==72637== HEAP SUMMARY:
==72637==     in use at exit: 93,139,500 bytes in 10,462 blocks
==72637==   total heap usage: 260,072 allocs, 249,610 frees, 688,650,063 bytes allocated
==72637== 
==72637== 19 bytes in 1 blocks are possibly lost in loss record 217 of 1,423
==72637==    at 0x4885828: operator new(unsigned long) (vg_replace_malloc.c:422)
==72637==    by 0x67FE63: void std::__cxx11::basic_string<char, std::char_traits<char>, std::allocator<char> >::_M_construct<char*>(char*, char*, std::forward_iterator_tag) (basic_string.tcc:225)
==72637==    by 0x6226357: std::pair<std::__cxx11::basic_string<char, std::char_traits<char>, std::allocator<char> >, std::function<std::unique_ptr<mediapipe::internal::CalculatorBaseFactory, std::default_delete<mediapipe::internal::CalculatorBaseFactory> > ()> >::pair<std::__cxx11::basic_string<char, std::char_traits<char>, std::allocator<char> >&, std::function<std::unique_ptr<mediapipe::internal::CalculatorBaseFactory, std::default_delete<mediapipe::internal::CalculatorBaseFactory> > ()>, true>(std::__cxx11::basic_string<char, std::char_traits<char>, std::allocator<char> >&, std::function<std::unique_ptr<mediapipe::internal::CalculatorBaseFactory, std::default_delete<mediapipe::internal::CalculatorBaseFactory> > ()>&&) (stl_pair.h:535)
==72637==    by 0x622544B: std::pair<std::__strip_reference_wrapper<std::decay<std::__cxx11::basic_string<char, std::char_traits<char>, std::allocator<char> >&>::type>::__type, std::__strip_reference_wrapper<std::decay<std::function<std::unique_ptr<mediapipe::internal::CalculatorBaseFactory, std::default_delete<mediapipe::internal::CalculatorBaseFactory> > ()> >::type>::__type> std::make_pair<std::__cxx11::basic_string<char, std::char_traits<char>, std::allocator<char> >&, std::function<std::unique_ptr<mediapipe::internal::CalculatorBaseFactory, std::default_delete<mediapipe::internal::CalculatorBaseFactory> > ()> >(std::__cxx11::basic_string<char, std::char_traits<char>, std::allocator<char> >&, std::function<std::unique_ptr<mediapipe::internal::CalculatorBaseFactory, std::default_delete<mediapipe::internal::CalculatorBaseFactory> > ()>&&) (stl_pair.h:746)
==72637==    by 0x6223D5F: mediapipe::FunctionRegistry<std::unique_ptr<mediapipe::internal::CalculatorBaseFactory, std::default_delete<mediapipe::internal::CalculatorBaseFactory> >>::Register(std::basic_string_view<char, std::char_traits<char> >, std::function<std::unique_ptr<mediapipe::internal::CalculatorBaseFactory, std::default_delete<mediapipe::internal::CalculatorBaseFactory> > ()>) (registration.h:190)
==72637==    by 0x622288F: mediapipe::GlobalFactoryRegistry<std::unique_ptr<mediapipe::internal::CalculatorBaseFactory, std::default_delete<mediapipe::internal::CalculatorBaseFactory> >>::Register(std::basic_string_view<char, std::char_traits<char> >, std::function<std::unique_ptr<mediapipe::internal::CalculatorBaseFactory, std::default_delete<mediapipe::internal::CalculatorBaseFactory> > ()>) (registration.h:355)
==72637==    by 0x6CB80F3: __static_initialization_and_destruction_0(int, int) (sink.cc:324)
==72637==    by 0x6CB8227: _GLOBAL__sub_I_sink.cc (sink.cc:396)
==72637==    by 0x4004447: call_init (dl-init.c:74)
==72637==    by 0x4004447: call_init (dl-init.c:26)
==72637==    by 0x4004553: _dl_init (dl-init.c:121)
==72637==    by 0x401AD37: (below main) (dl-start.S:46)
==72637== 
==72637== 19 bytes in 1 blocks are possibly lost in loss record 218 of 1,423
==72637==    at 0x4885828: operator new(unsigned long) (vg_replace_malloc.c:422)
==72637==    by 0x67FE63: void std::__cxx11::basic_string<char, std::char_traits<char>, std::allocator<char> >::_M_construct<char*>(char*, char*, std::forward_iterator_tag) (basic_string.tcc:225)
==72637==    by 0x6D14D03: std::pair<std::__cxx11::basic_string<char, std::char_traits<char>, std::allocator<char> >, std::function<absl::StatusOr<mediapipe::Executor*> (mediapipe::MediaPipeOptions const&)> >::pair<std::__cxx11::basic_string<char, std::char_traits<char>, std::allocator<char> >&, std::function<absl::StatusOr<mediapipe::Executor*> (mediapipe::MediaPipeOptions const&)>, true>(std::__cxx11::basic_string<char, std::char_traits<char>, std::allocator<char> >&, std::function<absl::StatusOr<mediapipe::Executor*> (mediapipe::MediaPipeOptions const&)>&&) (stl_pair.h:535)
==72637==    by 0x6D148D3: std::pair<std::__strip_reference_wrapper<std::decay<std::__cxx11::basic_string<char, std::char_traits<char>, std::allocator<char> >&>::type>::__type, std::__strip_reference_wrapper<std::decay<std::function<absl::StatusOr<mediapipe::Executor*> (mediapipe::MediaPipeOptions const&)> >::type>::__type> std::make_pair<std::__cxx11::basic_string<char, std::char_traits<char>, std::allocator<char> >&, std::function<absl::StatusOr<mediapipe::Executor*> (mediapipe::MediaPipeOptions const&)> >(std::__cxx11::basic_string<char, std::char_traits<char>, std::allocator<char> >&, std::function<absl::StatusOr<mediapipe::Executor*> (mediapipe::MediaPipeOptions const&)>&&) (stl_pair.h:746)
==72637==    by 0x6D13F17: mediapipe::FunctionRegistry<absl::StatusOr<mediapipe::Executor*>, mediapipe::MediaPipeOptions const&>::Register(std::basic_string_view<char, std::char_traits<char> >, std::function<absl::StatusOr<mediapipe::Executor*> (mediapipe::MediaPipeOptions const&)>) (registration.h:190)
==72637==    by 0x6D13833: mediapipe::GlobalFactoryRegistry<absl::StatusOr<mediapipe::Executor*>, mediapipe::MediaPipeOptions const&>::Register(std::basic_string_view<char, std::char_traits<char> >, std::function<absl::StatusOr<mediapipe::Executor*> (mediapipe::MediaPipeOptions const&)>) (registration.h:355)
==72637==    by 0x6D130F3: __static_initialization_and_destruction_0(int, int) (thread_pool_executor.cc:107)
==72637==    by 0x6D1317B: _GLOBAL__sub_I_thread_pool_executor.cc (thread_pool_executor.cc:109)
==72637==    by 0x4004447: call_init (dl-init.c:74)
==72637==    by 0x4004447: call_init (dl-init.c:26)
==72637==    by 0x4004553: _dl_init (dl-init.c:121)
==72637==    by 0x401AD37: (below main) (dl-start.S:46)
==72637== 
==72637== 23 bytes in 1 blocks are possibly lost in loss record 244 of 1,423
==72637==    at 0x4885828: operator new(unsigned long) (vg_replace_malloc.c:422)
==72637==    by 0x67FE63: void std::__cxx11::basic_string<char, std::char_traits<char>, std::allocator<char> >::_M_construct<char*>(char*, char*, std::forward_iterator_tag) (basic_string.tcc:225)
==72637==    by 0x6226357: std::pair<std::__cxx11::basic_string<char, std::char_traits<char>, std::allocator<char> >, std::function<std::unique_ptr<mediapipe::internal::CalculatorBaseFactory, std::default_delete<mediapipe::internal::CalculatorBaseFactory> > ()> >::pair<std::__cxx11::basic_string<char, std::char_traits<char>, std::allocator<char> >&, std::function<std::unique_ptr<mediapipe::internal::CalculatorBaseFactory, std::default_delete<mediapipe::internal::CalculatorBaseFactory> > ()>, true>(std::__cxx11::basic_string<char, std::char_traits<char>, std::allocator<char> >&, std::function<std::unique_ptr<mediapipe::internal::CalculatorBaseFactory, std::default_delete<mediapipe::internal::CalculatorBaseFactory> > ()>&&) (stl_pair.h:535)
==72637==    by 0x622544B: std::pair<std::__strip_reference_wrapper<std::decay<std::__cxx11::basic_string<char, std::char_traits<char>, std::allocator<char> >&>::type>::__type, std::__strip_reference_wrapper<std::decay<std::function<std::unique_ptr<mediapipe::internal::CalculatorBaseFactory, std::default_delete<mediapipe::internal::CalculatorBaseFactory> > ()> >::type>::__type> std::make_pair<std::__cxx11::basic_string<char, std::char_traits<char>, std::allocator<char> >&, std::function<std::unique_ptr<mediapipe::internal::CalculatorBaseFactory, std::default_delete<mediapipe::internal::CalculatorBaseFactory> > ()> >(std::__cxx11::basic_string<char, std::char_traits<char>, std::allocator<char> >&, std::function<std::unique_ptr<mediapipe::internal::CalculatorBaseFactory, std::default_delete<mediapipe::internal::CalculatorBaseFactory> > ()>&&) (stl_pair.h:746)
==72637==    by 0x6223D5F: mediapipe::FunctionRegistry<std::unique_ptr<mediapipe::internal::CalculatorBaseFactory, std::default_delete<mediapipe::internal::CalculatorBaseFactory> >>::Register(std::basic_string_view<char, std::char_traits<char> >, std::function<std::unique_ptr<mediapipe::internal::CalculatorBaseFactory, std::default_delete<mediapipe::internal::CalculatorBaseFactory> > ()>) (registration.h:190)
==72637==    by 0x622288F: mediapipe::GlobalFactoryRegistry<std::unique_ptr<mediapipe::internal::CalculatorBaseFactory, std::default_delete<mediapipe::internal::CalculatorBaseFactory> >>::Register(std::basic_string_view<char, std::char_traits<char> >, std::function<std::unique_ptr<mediapipe::internal::CalculatorBaseFactory, std::default_delete<mediapipe::internal::CalculatorBaseFactory> > ()>) (registration.h:355)
==72637==    by 0x6554B0B: __static_initialization_and_destruction_0(int, int) (end_loop_calculator.cc:83)
==72637==    by 0x655517B: _GLOBAL__sub_I_end_loop_calculator.cc (end_loop_calculator.cc:93)
==72637==    by 0x4004447: call_init (dl-init.c:74)
==72637==    by 0x4004447: call_init (dl-init.c:26)
==72637==    by 0x4004553: _dl_init (dl-init.c:121)
==72637==    by 0x401AD37: (below main) (dl-start.S:46)
==72637== 
==72637== 24 bytes in 1 blocks are possibly lost in loss record 266 of 1,423
==72637==    at 0x4885828: operator new(unsigned long) (vg_replace_malloc.c:422)
==72637==    by 0x67FE63: void std::__cxx11::basic_string<char, std::char_traits<char>, std::allocator<char> >::_M_construct<char*>(char*, char*, std::forward_iterator_tag) (basic_string.tcc:225)
==72637==    by 0x6226357: std::pair<std::__cxx11::basic_string<char, std::char_traits<char>, std::allocator<char> >, std::function<std::unique_ptr<mediapipe::internal::CalculatorBaseFactory, std::default_delete<mediapipe::internal::CalculatorBaseFactory> > ()> >::pair<std::__cxx11::basic_string<char, std::char_traits<char>, std::allocator<char> >&, std::function<std::unique_ptr<mediapipe::internal::CalculatorBaseFactory, std::default_delete<mediapipe::internal::CalculatorBaseFactory> > ()>, true>(std::__cxx11::basic_string<char, std::char_traits<char>, std::allocator<char> >&, std::function<std::unique_ptr<mediapipe::internal::CalculatorBaseFactory, std::default_delete<mediapipe::internal::CalculatorBaseFactory> > ()>&&) (stl_pair.h:535)
==72637==    by 0x622544B: std::pair<std::__strip_reference_wrapper<std::decay<std::__cxx11::basic_string<char, std::char_traits<char>, std::allocator<char> >&>::type>::__type, std::__strip_reference_wrapper<std::decay<std::function<std::unique_ptr<mediapipe::internal::CalculatorBaseFactory, std::default_delete<mediapipe::internal::CalculatorBaseFactory> > ()> >::type>::__type> std::make_pair<std::__cxx11::basic_string<char, std::char_traits<char>, std::allocator<char> >&, std::function<std::unique_ptr<mediapipe::internal::CalculatorBaseFactory, std::default_delete<mediapipe::internal::CalculatorBaseFactory> > ()> >(std::__cxx11::basic_string<char, std::char_traits<char>, std::allocator<char> >&, std::function<std::unique_ptr<mediapipe::internal::CalculatorBaseFactory, std::default_delete<mediapipe::internal::CalculatorBaseFactory> > ()>&&) (stl_pair.h:746)
==72637==    by 0x6223D5F: mediapipe::FunctionRegistry<std::unique_ptr<mediapipe::internal::CalculatorBaseFactory, std::default_delete<mediapipe::internal::CalculatorBaseFactory> >>::Register(std::basic_string_view<char, std::char_traits<char> >, std::function<std::unique_ptr<mediapipe::internal::CalculatorBaseFactory, std::default_delete<mediapipe::internal::CalculatorBaseFactory> > ()>) (registration.h:190)
==72637==    by 0x622288F: mediapipe::GlobalFactoryRegistry<std::unique_ptr<mediapipe::internal::CalculatorBaseFactory, std::default_delete<mediapipe::internal::CalculatorBaseFactory> >>::Register(std::basic_string_view<char, std::char_traits<char> >, std::function<std::unique_ptr<mediapipe::internal::CalculatorBaseFactory, std::default_delete<mediapipe::internal::CalculatorBaseFactory> > ()>) (registration.h:355)
==72637==    by 0x655499B: __static_initialization_and_destruction_0(int, int) (end_loop_calculator.cc:70)
==72637==    by 0x655517B: _GLOBAL__sub_I_end_loop_calculator.cc (end_loop_calculator.cc:93)
==72637==    by 0x4004447: call_init (dl-init.c:74)
==72637==    by 0x4004447: call_init (dl-init.c:26)
==72637==    by 0x4004553: _dl_init (dl-init.c:121)
==72637==    by 0x401AD37: (below main) (dl-start.S:46)
==72637== 
==72637== 24 bytes in 1 blocks are possibly lost in loss record 267 of 1,423
==72637==    at 0x4885828: operator new(unsigned long) (vg_replace_malloc.c:422)
==72637==    by 0x67FE63: void std::__cxx11::basic_string<char, std::char_traits<char>, std::allocator<char> >::_M_construct<char*>(char*, char*, std::forward_iterator_tag) (basic_string.tcc:225)
==72637==    by 0x6226357: std::pair<std::__cxx11::basic_string<char, std::char_traits<char>, std::allocator<char> >, std::function<std::unique_ptr<mediapipe::internal::CalculatorBaseFactory, std::default_delete<mediapipe::internal::CalculatorBaseFactory> > ()> >::pair<std::__cxx11::basic_string<char, std::char_traits<char>, std::allocator<char> >&, std::function<std::unique_ptr<mediapipe::internal::CalculatorBaseFactory, std::default_delete<mediapipe::internal::CalculatorBaseFactory> > ()>, true>(std::__cxx11::basic_string<char, std::char_traits<char>, std::allocator<char> >&, std::function<std::unique_ptr<mediapipe::internal::CalculatorBaseFactory, std::default_delete<mediapipe::internal::CalculatorBaseFactory> > ()>&&) (stl_pair.h:535)
==72637==    by 0x622544B: std::pair<std::__strip_reference_wrapper<std::decay<std::__cxx11::basic_string<char, std::char_traits<char>, std::allocator<char> >&>::type>::__type, std::__strip_reference_wrapper<std::decay<std::function<std::unique_ptr<mediapipe::internal::CalculatorBaseFactory, std::default_delete<mediapipe::internal::CalculatorBaseFactory> > ()> >::type>::__type> std::make_pair<std::__cxx11::basic_string<char, std::char_traits<char>, std::allocator<char> >&, std::function<std::unique_ptr<mediapipe::internal::CalculatorBaseFactory, std::default_delete<mediapipe::internal::CalculatorBaseFactory> > ()> >(std::__cxx11::basic_string<char, std::char_traits<char>, std::allocator<char> >&, std::function<std::unique_ptr<mediapipe::internal::CalculatorBaseFactory, std::default_delete<mediapipe::internal::CalculatorBaseFactory> > ()>&&) (stl_pair.h:746)
==72637==    by 0x6223D5F: mediapipe::FunctionRegistry<std::unique_ptr<mediapipe::internal::CalculatorBaseFactory, std::default_delete<mediapipe::internal::CalculatorBaseFactory> >>::Register(std::basic_string_view<char, std::char_traits<char> >, std::function<std::unique_ptr<mediapipe::internal::CalculatorBaseFactory, std::default_delete<mediapipe::internal::CalculatorBaseFactory> > ()>) (registration.h:190)
==72637==    by 0x622288F: mediapipe::GlobalFactoryRegistry<std::unique_ptr<mediapipe::internal::CalculatorBaseFactory, std::default_delete<mediapipe::internal::CalculatorBaseFactory> >>::Register(std::basic_string_view<char, std::char_traits<char> >, std::function<std::unique_ptr<mediapipe::internal::CalculatorBaseFactory, std::default_delete<mediapipe::internal::CalculatorBaseFactory> > ()>) (registration.h:355)
==72637==    by 0x65549F7: __static_initialization_and_destruction_0(int, int) (end_loop_calculator.cc:73)
==72637==    by 0x655517B: _GLOBAL__sub_I_end_loop_calculator.cc (end_loop_calculator.cc:93)
==72637==    by 0x4004447: call_init (dl-init.c:74)
==72637==    by 0x4004447: call_init (dl-init.c:26)
==72637==    by 0x4004553: _dl_init (dl-init.c:121)
==72637==    by 0x401AD37: (below main) (dl-start.S:46)
==72637== 
==72637== 24 bytes in 1 blocks are possibly lost in loss record 268 of 1,423
==72637==    at 0x4885828: operator new(unsigned long) (vg_replace_malloc.c:422)
==72637==    by 0x67FE63: void std::__cxx11::basic_string<char, std::char_traits<char>, std::allocator<char> >::_M_construct<char*>(char*, char*, std::forward_iterator_tag) (basic_string.tcc:225)
==72637==    by 0x62299A7: std::pair<std::__cxx11::basic_string<char, std::char_traits<char>, std::allocator<char> >, std::function<std::unique_ptr<mediapipe::packet_internal::HolderBase, std::default_delete<mediapipe::packet_internal::HolderBase> > ()> >::pair<std::__cxx11::basic_string<char, std::char_traits<char>, std::allocator<char> >&, std::function<std::unique_ptr<mediapipe::packet_internal::HolderBase, std::default_delete<mediapipe::packet_internal::HolderBase> > ()>, true>(std::__cxx11::basic_string<char, std::char_traits<char>, std::allocator<char> >&, std::function<std::unique_ptr<mediapipe::packet_internal::HolderBase, std::default_delete<mediapipe::packet_internal::HolderBase> > ()>&&) (stl_pair.h:535)
==72637==    by 0x622867F: std::pair<std::__strip_reference_wrapper<std::decay<std::__cxx11::basic_string<char, std::char_traits<char>, std::allocator<char> >&>::type>::__type, std::__strip_reference_wrapper<std::decay<std::function<std::unique_ptr<mediapipe::packet_internal::HolderBase, std::default_delete<mediapipe::packet_internal::HolderBase> > ()> >::type>::__type> std::make_pair<std::__cxx11::basic_string<char, std::char_traits<char>, std::allocator<char> >&, std::function<std::unique_ptr<mediapipe::packet_internal::HolderBase, std::default_delete<mediapipe::packet_internal::HolderBase> > ()> >(std::__cxx11::basic_string<char, std::char_traits<char>, std::allocator<char> >&, std::function<std::unique_ptr<mediapipe::packet_internal::HolderBase, std::default_delete<mediapipe::packet_internal::HolderBase> > ()>&&) (stl_pair.h:746)
==72637==    by 0x622716B: mediapipe::FunctionRegistry<std::unique_ptr<mediapipe::packet_internal::HolderBase, std::default_delete<mediapipe::packet_internal::HolderBase> >>::Register(std::basic_string_view<char, std::char_traits<char> >, std::function<std::unique_ptr<mediapipe::packet_internal::HolderBase, std::default_delete<mediapipe::packet_internal::HolderBase> > ()>) (registration.h:190)
==72637==    by 0x6225EB3: mediapipe::GlobalFactoryRegistry<std::unique_ptr<mediapipe::packet_internal::HolderBase, std::default_delete<mediapipe::packet_internal::HolderBase> >>::Register(std::basic_string_view<char, std::char_traits<char> >, std::function<std::unique_ptr<mediapipe::packet_internal::HolderBase, std::default_delete<mediapipe::packet_internal::HolderBase> > ()>) (registration.h:355)
==72637==    by 0x6C84963: mediapipe::packet_internal::InternalMessageRegistrator<mediapipe::DetectionList>::Make() (packet.h:534)
==72637==    by 0x6C8230B: __static_initialization_and_destruction_0(int, int) (packet.h:534)
==72637==    by 0x6C8247B: _GLOBAL__sub_I_detections_to_render_data_calculator.cc (detections_to_render_data_calculator.cc:387)
==72637==    by 0x4004447: call_init (dl-init.c:74)
==72637==    by 0x4004447: call_init (dl-init.c:26)
==72637==    by 0x4004553: _dl_init (dl-init.c:121)
==72637==    by 0x401AD37: (below main) (dl-start.S:46)
==72637== 
==72637== 24 bytes in 1 blocks are possibly lost in loss record 269 of 1,423
==72637==    at 0x4885828: operator new(unsigned long) (vg_replace_malloc.c:422)
==72637==    by 0x65F8D3: google::protobuf::RepeatedField<int>::Reserve(int) (repeated_field.h:920)
==72637==    by 0x65F6C3: google::protobuf::RepeatedField<int>::MergeFrom(google::protobuf::RepeatedField<int> const&) (repeated_field.h:756)
==72637==    by 0x63490AB: mediapipe::SsdAnchorsCalculatorOptions::MergeFrom(mediapipe::SsdAnchorsCalculatorOptions const&) (ssd_anchors_calculator.pb.cc:874)
==72637==    by 0x63493FF: mediapipe::SsdAnchorsCalculatorOptions::CopyFrom(mediapipe::SsdAnchorsCalculatorOptions const&) (ssd_anchors_calculator.pb.cc:939)
==72637==    by 0x6342C67: mediapipe::SsdAnchorsCalculatorOptions::operator=(mediapipe::SsdAnchorsCalculatorOptions const&) (ssd_anchors_calculator.pb.h:84)
==72637==    by 0x6344D0B: void mediapipe::tool::GetExtension<mediapipe::SsdAnchorsCalculatorOptions>(mediapipe::CalculatorOptions const&, mediapipe::SsdAnchorsCalculatorOptions*) (options_map.h:65)
==72637==    by 0x634441F: mediapipe::SsdAnchorsCalculatorOptions const& mediapipe::tool::OptionsMap::Get<mediapipe::SsdAnchorsCalculatorOptions>() const (options_map.h:136)
==72637==    by 0x6343E43: mediapipe::SsdAnchorsCalculatorOptions const& mediapipe::CalculatorState::Options<mediapipe::SsdAnchorsCalculatorOptions>() const (calculator_state.h:70)
==72637==    by 0x6343843: mediapipe::SsdAnchorsCalculatorOptions const& mediapipe::CalculatorContext::Options<mediapipe::SsdAnchorsCalculatorOptions>() const (calculator_context.h:73)
==72637==    by 0x63434D3: mediapipe::SsdAnchorsCalculator::Open(mediapipe::CalculatorContext*) (ssd_anchors_calculator.cc:164)
==72637==    by 0x6D23CEF: mediapipe::CalculatorNode::OpenNode() (calculator_node.cc:548)
==72637== 
==72637== 24 bytes in 1 blocks are possibly lost in loss record 270 of 1,423
==72637==    at 0x4885828: operator new(unsigned long) (vg_replace_malloc.c:422)
==72637==    by 0x6680CB: google::protobuf::RepeatedField<float>::Reserve(int) (repeated_field.h:920)
==72637==    by 0x667EBB: google::protobuf::RepeatedField<float>::MergeFrom(google::protobuf::RepeatedField<float> const&) (repeated_field.h:756)
==72637==    by 0x63490C7: mediapipe::SsdAnchorsCalculatorOptions::MergeFrom(mediapipe::SsdAnchorsCalculatorOptions const&) (ssd_anchors_calculator.pb.cc:875)
==72637==    by 0x63493FF: mediapipe::SsdAnchorsCalculatorOptions::CopyFrom(mediapipe::SsdAnchorsCalculatorOptions const&) (ssd_anchors_calculator.pb.cc:939)
==72637==    by 0x6342C67: mediapipe::SsdAnchorsCalculatorOptions::operator=(mediapipe::SsdAnchorsCalculatorOptions const&) (ssd_anchors_calculator.pb.h:84)
==72637==    by 0x6344D0B: void mediapipe::tool::GetExtension<mediapipe::SsdAnchorsCalculatorOptions>(mediapipe::CalculatorOptions const&, mediapipe::SsdAnchorsCalculatorOptions*) (options_map.h:65)
==72637==    by 0x634441F: mediapipe::SsdAnchorsCalculatorOptions const& mediapipe::tool::OptionsMap::Get<mediapipe::SsdAnchorsCalculatorOptions>() const (options_map.h:136)
==72637==    by 0x6343E43: mediapipe::SsdAnchorsCalculatorOptions const& mediapipe::CalculatorState::Options<mediapipe::SsdAnchorsCalculatorOptions>() const (calculator_state.h:70)
==72637==    by 0x6343843: mediapipe::SsdAnchorsCalculatorOptions const& mediapipe::CalculatorContext::Options<mediapipe::SsdAnchorsCalculatorOptions>() const (calculator_context.h:73)
==72637==    by 0x63434D3: mediapipe::SsdAnchorsCalculator::Open(mediapipe::CalculatorContext*) (ssd_anchors_calculator.cc:164)
==72637==    by 0x6D23CEF: mediapipe::CalculatorNode::OpenNode() (calculator_node.cc:548)
==72637== 
==72637== 25 bytes in 1 blocks are possibly lost in loss record 278 of 1,423
==72637==    at 0x4885828: operator new(unsigned long) (vg_replace_malloc.c:422)
==72637==    by 0x67FE63: void std::__cxx11::basic_string<char, std::char_traits<char>, std::allocator<char> >::_M_construct<char*>(char*, char*, std::forward_iterator_tag) (basic_string.tcc:225)
==72637==    by 0x6226357: std::pair<std::__cxx11::basic_string<char, std::char_traits<char>, std::allocator<char> >, std::function<std::unique_ptr<mediapipe::internal::CalculatorBaseFactory, std::default_delete<mediapipe::internal::CalculatorBaseFactory> > ()> >::pair<std::__cxx11::basic_string<char, std::char_traits<char>, std::allocator<char> >&, std::function<std::unique_ptr<mediapipe::internal::CalculatorBaseFactory, std::default_delete<mediapipe::internal::CalculatorBaseFactory> > ()>, true>(std::__cxx11::basic_string<char, std::char_traits<char>, std::allocator<char> >&, std::function<std::unique_ptr<mediapipe::internal::CalculatorBaseFactory, std::default_delete<mediapipe::internal::CalculatorBaseFactory> > ()>&&) (stl_pair.h:535)
==72637==    by 0x622544B: std::pair<std::__strip_reference_wrapper<std::decay<std::__cxx11::basic_string<char, std::char_traits<char>, std::allocator<char> >&>::type>::__type, std::__strip_reference_wrapper<std::decay<std::function<std::unique_ptr<mediapipe::internal::CalculatorBaseFactory, std::default_delete<mediapipe::internal::CalculatorBaseFactory> > ()> >::type>::__type> std::make_pair<std::__cxx11::basic_string<char, std::char_traits<char>, std::allocator<char> >&, std::function<std::unique_ptr<mediapipe::internal::CalculatorBaseFactory, std::default_delete<mediapipe::internal::CalculatorBaseFactory> > ()> >(std::__cxx11::basic_string<char, std::char_traits<char>, std::allocator<char> >&, std::function<std::unique_ptr<mediapipe::internal::CalculatorBaseFactory, std::default_delete<mediapipe::internal::CalculatorBaseFactory> > ()>&&) (stl_pair.h:746)
==72637==    by 0x6223D5F: mediapipe::FunctionRegistry<std::unique_ptr<mediapipe::internal::CalculatorBaseFactory, std::default_delete<mediapipe::internal::CalculatorBaseFactory> >>::Register(std::basic_string_view<char, std::char_traits<char> >, std::function<std::unique_ptr<mediapipe::internal::CalculatorBaseFactory, std::default_delete<mediapipe::internal::CalculatorBaseFactory> > ()>) (registration.h:190)
==72637==    by 0x622288F: mediapipe::GlobalFactoryRegistry<std::unique_ptr<mediapipe::internal::CalculatorBaseFactory, std::default_delete<mediapipe::internal::CalculatorBaseFactory> >>::Register(std::basic_string_view<char, std::char_traits<char> >, std::function<std::unique_ptr<mediapipe::internal::CalculatorBaseFactory, std::default_delete<mediapipe::internal::CalculatorBaseFactory> > ()>) (registration.h:355)
==72637==    by 0x6CBECCB: __static_initialization_and_destruction_0(int, int) (callback_packet_calculator.cc:94)
==72637==    by 0x6CBED53: _GLOBAL__sub_I_callback_packet_calculator.cc (callback_packet_calculator.cc:96)
==72637==    by 0x4004447: call_init (dl-init.c:74)
==72637==    by 0x4004447: call_init (dl-init.c:26)
==72637==    by 0x4004553: _dl_init (dl-init.c:121)
==72637==    by 0x401AD37: (below main) (dl-start.S:46)
==72637== 
==72637== 26 bytes in 1 blocks are possibly lost in loss record 288 of 1,423
==72637==    at 0x4885828: operator new(unsigned long) (vg_replace_malloc.c:422)
==72637==    by 0x67FE63: void std::__cxx11::basic_string<char, std::char_traits<char>, std::allocator<char> >::_M_construct<char*>(char*, char*, std::forward_iterator_tag) (basic_string.tcc:225)
==72637==    by 0x62D695B: std::pair<std::__cxx11::basic_string<char, std::char_traits<char>, std::allocator<char> >, std::function<std::unique_ptr<mediapipe::InputStreamHandler, std::default_delete<mediapipe::InputStreamHandler> > (std::shared_ptr<mediapipe::tool::TagMap>, mediapipe::CalculatorContextManager*, mediapipe::MediaPipeOptions const&, bool)> >::pair<std::__cxx11::basic_string<char, std::char_traits<char>, std::allocator<char> >&, std::function<std::unique_ptr<mediapipe::InputStreamHandler, std::default_delete<mediapipe::InputStreamHandler> > (std::shared_ptr<mediapipe::tool::TagMap>, mediapipe::CalculatorContextManager*, mediapipe::MediaPipeOptions const&, bool)>, true>(std::__cxx11::basic_string<char, std::char_traits<char>, std::allocator<char> >&, std::function<std::unique_ptr<mediapipe::InputStreamHandler, std::default_delete<mediapipe::InputStreamHandler> > (std::shared_ptr<mediapipe::tool::TagMap>, mediapipe::CalculatorContextManager*, mediapipe::MediaPipeOptions const&, bool)>&&) (stl_pair.h:535)
==72637==    by 0x62D5BFB: std::pair<std::__strip_reference_wrapper<std::decay<std::__cxx11::basic_string<char, std::char_traits<char>, std::allocator<char> >&>::type>::__type, std::__strip_reference_wrapper<std::decay<std::function<std::unique_ptr<mediapipe::InputStreamHandler, std::default_delete<mediapipe::InputStreamHandler> > (std::shared_ptr<mediapipe::tool::TagMap>, mediapipe::CalculatorContextManager*, mediapipe::MediaPipeOptions const&, bool)> >::type>::__type> std::make_pair<std::__cxx11::basic_string<char, std::char_traits<char>, std::allocator<char> >&, std::function<std::unique_ptr<mediapipe::InputStreamHandler, std::default_delete<mediapipe::InputStreamHandler> > (std::shared_ptr<mediapipe::tool::TagMap>, mediapipe::CalculatorContextManager*, mediapipe::MediaPipeOptions const&, bool)> >(std::__cxx11::basic_string<char, std::char_traits<char>, std::allocator<char> >&, std::function<std::unique_ptr<mediapipe::InputStreamHandler, std::default_delete<mediapipe::InputStreamHandler> > (std::shared_ptr<mediapipe::tool::TagMap>, mediapipe::CalculatorContextManager*, mediapipe::MediaPipeOptions const&, bool)>&&) (stl_pair.h:746)
==72637==    by 0x62D482F: mediapipe::FunctionRegistry<std::unique_ptr<mediapipe::InputStreamHandler, std::default_delete<mediapipe::InputStreamHandler> >, std::shared_ptr<mediapipe::tool::TagMap>, mediapipe::CalculatorContextManager*, mediapipe::MediaPipeOptions const&, bool>::Register(std::basic_string_view<char, std::char_traits<char> >, std::function<std::unique_ptr<mediapipe::InputStreamHandler, std::default_delete<mediapipe::InputStreamHandler> > (std::shared_ptr<mediapipe::tool::TagMap>, mediapipe::CalculatorContextManager*, mediapipe::MediaPipeOptions const&, bool)>) (registration.h:190)
==72637==    by 0x62D3A93: mediapipe::GlobalFactoryRegistry<std::unique_ptr<mediapipe::InputStreamHandler, std::default_delete<mediapipe::InputStreamHandler> >, std::shared_ptr<mediapipe::tool::TagMap>, mediapipe::CalculatorContextManager*, mediapipe::MediaPipeOptions const&, bool>::Register(std::basic_string_view<char, std::char_traits<char> >, std::function<std::unique_ptr<mediapipe::InputStreamHandler, std::default_delete<mediapipe::InputStreamHandler> > (std::shared_ptr<mediapipe::tool::TagMap>, mediapipe::CalculatorContextManager*, mediapipe::MediaPipeOptions const&, bool)>) (registration.h:355)
==72637==    by 0x6D3DB67: __static_initialization_and_destruction_0(int, int) (default_input_stream_handler.cc:24)
==72637==    by 0x6D3DBEF: _GLOBAL__sub_I_default_input_stream_handler.cc (default_input_stream_handler.cc:69)
==72637==    by 0x4004447: call_init (dl-init.c:74)
==72637==    by 0x4004447: call_init (dl-init.c:26)
==72637==    by 0x4004553: _dl_init (dl-init.c:121)
==72637==    by 0x401AD37: (below main) (dl-start.S:46)
==72637== 
==72637== 27 bytes in 1 blocks are possibly lost in loss record 302 of 1,423
==72637==    at 0x4885828: operator new(unsigned long) (vg_replace_malloc.c:422)
==72637==    by 0x67FE63: void std::__cxx11::basic_string<char, std::char_traits<char>, std::allocator<char> >::_M_construct<char*>(char*, char*, std::forward_iterator_tag) (basic_string.tcc:225)
==72637==    by 0x6226357: std::pair<std::__cxx11::basic_string<char, std::char_traits<char>, std::allocator<char> >, std::function<std::unique_ptr<mediapipe::internal::CalculatorBaseFactory, std::default_delete<mediapipe::internal::CalculatorBaseFactory> > ()> >::pair<std::__cxx11::basic_string<char, std::char_traits<char>, std::allocator<char> >&, std::function<std::unique_ptr<mediapipe::internal::CalculatorBaseFactory, std::default_delete<mediapipe::internal::CalculatorBaseFactory> > ()>, true>(std::__cxx11::basic_string<char, std::char_traits<char>, std::allocator<char> >&, std::function<std::unique_ptr<mediapipe::internal::CalculatorBaseFactory, std::default_delete<mediapipe::internal::CalculatorBaseFactory> > ()>&&) (stl_pair.h:535)
==72637==    by 0x622544B: std::pair<std::__strip_reference_wrapper<std::decay<std::__cxx11::basic_string<char, std::char_traits<char>, std::allocator<char> >&>::type>::__type, std::__strip_reference_wrapper<std::decay<std::function<std::unique_ptr<mediapipe::internal::CalculatorBaseFactory, std::default_delete<mediapipe::internal::CalculatorBaseFactory> > ()> >::type>::__type> std::make_pair<std::__cxx11::basic_string<char, std::char_traits<char>, std::allocator<char> >&, std::function<std::unique_ptr<mediapipe::internal::CalculatorBaseFactory, std::default_delete<mediapipe::internal::CalculatorBaseFactory> > ()> >(std::__cxx11::basic_string<char, std::char_traits<char>, std::allocator<char> >&, std::function<std::unique_ptr<mediapipe::internal::CalculatorBaseFactory, std::default_delete<mediapipe::internal::CalculatorBaseFactory> > ()>&&) (stl_pair.h:746)
==72637==    by 0x6223D5F: mediapipe::FunctionRegistry<std::unique_ptr<mediapipe::internal::CalculatorBaseFactory, std::default_delete<mediapipe::internal::CalculatorBaseFactory> >>::Register(std::basic_string_view<char, std::char_traits<char> >, std::function<std::unique_ptr<mediapipe::internal::CalculatorBaseFactory, std::default_delete<mediapipe::internal::CalculatorBaseFactory> > ()>) (registration.h:190)
==72637==    by 0x622288F: mediapipe::GlobalFactoryRegistry<std::unique_ptr<mediapipe::internal::CalculatorBaseFactory, std::default_delete<mediapipe::internal::CalculatorBaseFactory> >>::Register(std::basic_string_view<char, std::char_traits<char> >, std::function<std::unique_ptr<mediapipe::internal::CalculatorBaseFactory, std::default_delete<mediapipe::internal::CalculatorBaseFactory> > ()>) (registration.h:355)
==72637==    by 0x655493F: __static_initialization_and_destruction_0(int, int) (end_loop_calculator.cc:67)
==72637==    by 0x655517B: _GLOBAL__sub_I_end_loop_calculator.cc (end_loop_calculator.cc:93)
==72637==    by 0x4004447: call_init (dl-init.c:74)
==72637==    by 0x4004447: call_init (dl-init.c:26)
==72637==    by 0x4004553: _dl_init (dl-init.c:121)
==72637==    by 0x401AD37: (below main) (dl-start.S:46)
==72637== 
==72637== 27 bytes in 1 blocks are possibly lost in loss record 303 of 1,423
==72637==    at 0x4885828: operator new(unsigned long) (vg_replace_malloc.c:422)
==72637==    by 0x67FE63: void std::__cxx11::basic_string<char, std::char_traits<char>, std::allocator<char> >::_M_construct<char*>(char*, char*, std::forward_iterator_tag) (basic_string.tcc:225)
==72637==    by 0x6226357: std::pair<std::__cxx11::basic_string<char, std::char_traits<char>, std::allocator<char> >, std::function<std::unique_ptr<mediapipe::internal::CalculatorBaseFactory, std::default_delete<mediapipe::internal::CalculatorBaseFactory> > ()> >::pair<std::__cxx11::basic_string<char, std::char_traits<char>, std::allocator<char> >&, std::function<std::unique_ptr<mediapipe::internal::CalculatorBaseFactory, std::default_delete<mediapipe::internal::CalculatorBaseFactory> > ()>, true>(std::__cxx11::basic_string<char, std::char_traits<char>, std::allocator<char> >&, std::function<std::unique_ptr<mediapipe::internal::CalculatorBaseFactory, std::default_delete<mediapipe::internal::CalculatorBaseFactory> > ()>&&) (stl_pair.h:535)
==72637==    by 0x622544B: std::pair<std::__strip_reference_wrapper<std::decay<std::__cxx11::basic_string<char, std::char_traits<char>, std::allocator<char> >&>::type>::__type, std::__strip_reference_wrapper<std::decay<std::function<std::unique_ptr<mediapipe::internal::CalculatorBaseFactory, std::default_delete<mediapipe::internal::CalculatorBaseFactory> > ()> >::type>::__type> std::make_pair<std::__cxx11::basic_string<char, std::char_traits<char>, std::allocator<char> >&, std::function<std::unique_ptr<mediapipe::internal::CalculatorBaseFactory, std::default_delete<mediapipe::internal::CalculatorBaseFactory> > ()> >(std::__cxx11::basic_string<char, std::char_traits<char>, std::allocator<char> >&, std::function<std::unique_ptr<mediapipe::internal::CalculatorBaseFactory, std::default_delete<mediapipe::internal::CalculatorBaseFactory> > ()>&&) (stl_pair.h:746)
==72637==    by 0x6223D5F: mediapipe::FunctionRegistry<std::unique_ptr<mediapipe::internal::CalculatorBaseFactory, std::default_delete<mediapipe::internal::CalculatorBaseFactory> >>::Register(std::basic_string_view<char, std::char_traits<char> >, std::function<std::unique_ptr<mediapipe::internal::CalculatorBaseFactory, std::default_delete<mediapipe::internal::CalculatorBaseFactory> > ()>) (registration.h:190)
==72637==    by 0x622288F: mediapipe::GlobalFactoryRegistry<std::unique_ptr<mediapipe::internal::CalculatorBaseFactory, std::default_delete<mediapipe::internal::CalculatorBaseFactory> >>::Register(std::basic_string_view<char, std::char_traits<char> >, std::function<std::unique_ptr<mediapipe::internal::CalculatorBaseFactory, std::default_delete<mediapipe::internal::CalculatorBaseFactory> > ()>) (registration.h:355)
==72637==    by 0x6554AAF: __static_initialization_and_destruction_0(int, int) (end_loop_calculator.cc:79)
==72637==    by 0x655517B: _GLOBAL__sub_I_end_loop_calculator.cc (end_loop_calculator.cc:93)
==72637==    by 0x4004447: call_init (dl-init.c:74)
==72637==    by 0x4004447: call_init (dl-init.c:26)
==72637==    by 0x4004553: _dl_init (dl-init.c:121)
==72637==    by 0x401AD37: (below main) (dl-start.S:46)
==72637== 
==72637== 27 bytes in 1 blocks are possibly lost in loss record 304 of 1,423
==72637==    at 0x4885828: operator new(unsigned long) (vg_replace_malloc.c:422)
==72637==    by 0x67FE63: void std::__cxx11::basic_string<char, std::char_traits<char>, std::allocator<char> >::_M_construct<char*>(char*, char*, std::forward_iterator_tag) (basic_string.tcc:225)
==72637==    by 0x6226357: std::pair<std::__cxx11::basic_string<char, std::char_traits<char>, std::allocator<char> >, std::function<std::unique_ptr<mediapipe::internal::CalculatorBaseFactory, std::default_delete<mediapipe::internal::CalculatorBaseFactory> > ()> >::pair<std::__cxx11::basic_string<char, std::char_traits<char>, std::allocator<char> >&, std::function<std::unique_ptr<mediapipe::internal::CalculatorBaseFactory, std::default_delete<mediapipe::internal::CalculatorBaseFactory> > ()>, true>(std::__cxx11::basic_string<char, std::char_traits<char>, std::allocator<char> >&, std::function<std::unique_ptr<mediapipe::internal::CalculatorBaseFactory, std::default_delete<mediapipe::internal::CalculatorBaseFactory> > ()>&&) (stl_pair.h:535)
==72637==    by 0x622544B: std::pair<std::__strip_reference_wrapper<std::decay<std::__cxx11::basic_string<char, std::char_traits<char>, std::allocator<char> >&>::type>::__type, std::__strip_reference_wrapper<std::decay<std::function<std::unique_ptr<mediapipe::internal::CalculatorBaseFactory, std::default_delete<mediapipe::internal::CalculatorBaseFactory> > ()> >::type>::__type> std::make_pair<std::__cxx11::basic_string<char, std::char_traits<char>, std::allocator<char> >&, std::function<std::unique_ptr<mediapipe::internal::CalculatorBaseFactory, std::default_delete<mediapipe::internal::CalculatorBaseFactory> > ()> >(std::__cxx11::basic_string<char, std::char_traits<char>, std::allocator<char> >&, std::function<std::unique_ptr<mediapipe::internal::CalculatorBaseFactory, std::default_delete<mediapipe::internal::CalculatorBaseFactory> > ()>&&) (stl_pair.h:746)
==72637==    by 0x6223D5F: mediapipe::FunctionRegistry<std::unique_ptr<mediapipe::internal::CalculatorBaseFactory, std::default_delete<mediapipe::internal::CalculatorBaseFactory> >>::Register(std::basic_string_view<char, std::char_traits<char> >, std::function<std::unique_ptr<mediapipe::internal::CalculatorBaseFactory, std::default_delete<mediapipe::internal::CalculatorBaseFactory> > ()>) (registration.h:190)
==72637==    by 0x622288F: mediapipe::GlobalFactoryRegistry<std::unique_ptr<mediapipe::internal::CalculatorBaseFactory, std::default_delete<mediapipe::internal::CalculatorBaseFactory> >>::Register(std::basic_string_view<char, std::char_traits<char> >, std::function<std::unique_ptr<mediapipe::internal::CalculatorBaseFactory, std::default_delete<mediapipe::internal::CalculatorBaseFactory> > ()>) (registration.h:355)
==72637==    by 0x6554BC3: __static_initialization_and_destruction_0(int, int) (end_loop_calculator.cc:91)
==72637==    by 0x655517B: _GLOBAL__sub_I_end_loop_calculator.cc (end_loop_calculator.cc:93)
==72637==    by 0x4004447: call_init (dl-init.c:74)
==72637==    by 0x4004447: call_init (dl-init.c:26)
==72637==    by 0x4004553: _dl_init (dl-init.c:121)
==72637==    by 0x401AD37: (below main) (dl-start.S:46)
==72637== 
==72637== 27 bytes in 1 blocks are possibly lost in loss record 305 of 1,423
==72637==    at 0x4885828: operator new(unsigned long) (vg_replace_malloc.c:422)
==72637==    by 0x67FE63: void std::__cxx11::basic_string<char, std::char_traits<char>, std::allocator<char> >::_M_construct<char*>(char*, char*, std::forward_iterator_tag) (basic_string.tcc:225)
==72637==    by 0x6226357: std::pair<std::__cxx11::basic_string<char, std::char_traits<char>, std::allocator<char> >, std::function<std::unique_ptr<mediapipe::internal::CalculatorBaseFactory, std::default_delete<mediapipe::internal::CalculatorBaseFactory> > ()> >::pair<std::__cxx11::basic_string<char, std::char_traits<char>, std::allocator<char> >&, std::function<std::unique_ptr<mediapipe::internal::CalculatorBaseFactory, std::default_delete<mediapipe::internal::CalculatorBaseFactory> > ()>, true>(std::__cxx11::basic_string<char, std::char_traits<char>, std::allocator<char> >&, std::function<std::unique_ptr<mediapipe::internal::CalculatorBaseFactory, std::default_delete<mediapipe::internal::CalculatorBaseFactory> > ()>&&) (stl_pair.h:535)
==72637==    by 0x622544B: std::pair<std::__strip_reference_wrapper<std::decay<std::__cxx11::basic_string<char, std::char_traits<char>, std::allocator<char> >&>::type>::__type, std::__strip_reference_wrapper<std::decay<std::function<std::unique_ptr<mediapipe::internal::CalculatorBaseFactory, std::default_delete<mediapipe::internal::CalculatorBaseFactory> > ()> >::type>::__type> std::make_pair<std::__cxx11::basic_string<char, std::char_traits<char>, std::allocator<char> >&, std::function<std::unique_ptr<mediapipe::internal::CalculatorBaseFactory, std::default_delete<mediapipe::internal::CalculatorBaseFactory> > ()> >(std::__cxx11::basic_string<char, std::char_traits<char>, std::allocator<char> >&, std::function<std::unique_ptr<mediapipe::internal::CalculatorBaseFactory, std::default_delete<mediapipe::internal::CalculatorBaseFactory> > ()>&&) (stl_pair.h:746)
==72637==    by 0x6223D5F: mediapipe::FunctionRegistry<std::unique_ptr<mediapipe::internal::CalculatorBaseFactory, std::default_delete<mediapipe::internal::CalculatorBaseFactory> >>::Register(std::basic_string_view<char, std::char_traits<char> >, std::function<std::unique_ptr<mediapipe::internal::CalculatorBaseFactory, std::default_delete<mediapipe::internal::CalculatorBaseFactory> > ()>) (registration.h:190)
==72637==    by 0x622288F: mediapipe::GlobalFactoryRegistry<std::unique_ptr<mediapipe::internal::CalculatorBaseFactory, std::default_delete<mediapipe::internal::CalculatorBaseFactory> >>::Register(std::basic_string_view<char, std::char_traits<char> >, std::function<std::unique_ptr<mediapipe::internal::CalculatorBaseFactory, std::default_delete<mediapipe::internal::CalculatorBaseFactory> > ()>) (registration.h:355)
==72637==    by 0x6581427: __static_initialization_and_destruction_0(int, int) (split_vector_calculator.cc:91)
==72637==    by 0x6581A17: _GLOBAL__sub_I_split_vector_calculator.cc (split_vector_calculator.cc:105)
==72637==    by 0x4004447: call_init (dl-init.c:74)
==72637==    by 0x4004447: call_init (dl-init.c:26)
==72637==    by 0x4004553: _dl_init (dl-init.c:121)
==72637==    by 0x401AD37: (below main) (dl-start.S:46)
==72637== 
==72637== 27 bytes in 1 blocks are possibly lost in loss record 306 of 1,423
==72637==    at 0x4885828: operator new(unsigned long) (vg_replace_malloc.c:422)
==72637==    by 0x67FE63: void std::__cxx11::basic_string<char, std::char_traits<char>, std::allocator<char> >::_M_construct<char*>(char*, char*, std::forward_iterator_tag) (basic_string.tcc:225)
==72637==    by 0x6226357: std::pair<std::__cxx11::basic_string<char, std::char_traits<char>, std::allocator<char> >, std::function<std::unique_ptr<mediapipe::internal::CalculatorBaseFactory, std::default_delete<mediapipe::internal::CalculatorBaseFactory> > ()> >::pair<std::__cxx11::basic_string<char, std::char_traits<char>, std::allocator<char> >&, std::function<std::unique_ptr<mediapipe::internal::CalculatorBaseFactory, std::default_delete<mediapipe::internal::CalculatorBaseFactory> > ()>, true>(std::__cxx11::basic_string<char, std::char_traits<char>, std::allocator<char> >&, std::function<std::unique_ptr<mediapipe::internal::CalculatorBaseFactory, std::default_delete<mediapipe::internal::CalculatorBaseFactory> > ()>&&) (stl_pair.h:535)
==72637==    by 0x622544B: std::pair<std::__strip_reference_wrapper<std::decay<std::__cxx11::basic_string<char, std::char_traits<char>, std::allocator<char> >&>::type>::__type, std::__strip_reference_wrapper<std::decay<std::function<std::unique_ptr<mediapipe::internal::CalculatorBaseFactory, std::default_delete<mediapipe::internal::CalculatorBaseFactory> > ()> >::type>::__type> std::make_pair<std::__cxx11::basic_string<char, std::char_traits<char>, std::allocator<char> >&, std::function<std::unique_ptr<mediapipe::internal::CalculatorBaseFactory, std::default_delete<mediapipe::internal::CalculatorBaseFactory> > ()> >(std::__cxx11::basic_string<char, std::char_traits<char>, std::allocator<char> >&, std::function<std::unique_ptr<mediapipe::internal::CalculatorBaseFactory, std::default_delete<mediapipe::internal::CalculatorBaseFactory> > ()>&&) (stl_pair.h:746)
==72637==    by 0x6223D5F: mediapipe::FunctionRegistry<std::unique_ptr<mediapipe::internal::CalculatorBaseFactory, std::default_delete<mediapipe::internal::CalculatorBaseFactory> >>::Register(std::basic_string_view<char, std::char_traits<char> >, std::function<std::unique_ptr<mediapipe::internal::CalculatorBaseFactory, std::default_delete<mediapipe::internal::CalculatorBaseFactory> > ()>) (registration.h:190)
==72637==    by 0x622288F: mediapipe::GlobalFactoryRegistry<std::unique_ptr<mediapipe::internal::CalculatorBaseFactory, std::default_delete<mediapipe::internal::CalculatorBaseFactory> >>::Register(std::basic_string_view<char, std::char_traits<char> >, std::function<std::unique_ptr<mediapipe::internal::CalculatorBaseFactory, std::default_delete<mediapipe::internal::CalculatorBaseFactory> > ()>) (registration.h:355)
==72637==    by 0x6581483: __static_initialization_and_destruction_0(int, int) (split_vector_calculator.cc:95)
==72637==    by 0x6581A17: _GLOBAL__sub_I_split_vector_calculator.cc (split_vector_calculator.cc:105)
==72637==    by 0x4004447: call_init (dl-init.c:74)
==72637==    by 0x4004447: call_init (dl-init.c:26)
==72637==    by 0x4004553: _dl_init (dl-init.c:121)
==72637==    by 0x401AD37: (below main) (dl-start.S:46)
==72637== 
==72637== 27 bytes in 1 blocks are possibly lost in loss record 307 of 1,423
==72637==    at 0x4885828: operator new(unsigned long) (vg_replace_malloc.c:422)
==72637==    by 0x67FE63: void std::__cxx11::basic_string<char, std::char_traits<char>, std::allocator<char> >::_M_construct<char*>(char*, char*, std::forward_iterator_tag) (basic_string.tcc:225)
==72637==    by 0x6226357: std::pair<std::__cxx11::basic_string<char, std::char_traits<char>, std::allocator<char> >, std::function<std::unique_ptr<mediapipe::internal::CalculatorBaseFactory, std::default_delete<mediapipe::internal::CalculatorBaseFactory> > ()> >::pair<std::__cxx11::basic_string<char, std::char_traits<char>, std::allocator<char> >&, std::function<std::unique_ptr<mediapipe::internal::CalculatorBaseFactory, std::default_delete<mediapipe::internal::CalculatorBaseFactory> > ()>, true>(std::__cxx11::basic_string<char, std::char_traits<char>, std::allocator<char> >&, std::function<std::unique_ptr<mediapipe::internal::CalculatorBaseFactory, std::default_delete<mediapipe::internal::CalculatorBaseFactory> > ()>&&) (stl_pair.h:535)
==72637==    by 0x622544B: std::pair<std::__strip_reference_wrapper<std::decay<std::__cxx11::basic_string<char, std::char_traits<char>, std::allocator<char> >&>::type>::__type, std::__strip_reference_wrapper<std::decay<std::function<std::unique_ptr<mediapipe::internal::CalculatorBaseFactory, std::default_delete<mediapipe::internal::CalculatorBaseFactory> > ()> >::type>::__type> std::make_pair<std::__cxx11::basic_string<char, std::char_traits<char>, std::allocator<char> >&, std::function<std::unique_ptr<mediapipe::internal::CalculatorBaseFactory, std::default_delete<mediapipe::internal::CalculatorBaseFactory> > ()> >(std::__cxx11::basic_string<char, std::char_traits<char>, std::allocator<char> >&, std::function<std::unique_ptr<mediapipe::internal::CalculatorBaseFactory, std::default_delete<mediapipe::internal::CalculatorBaseFactory> > ()>&&) (stl_pair.h:746)
==72637==    by 0x6223D5F: mediapipe::FunctionRegistry<std::unique_ptr<mediapipe::internal::CalculatorBaseFactory, std::default_delete<mediapipe::internal::CalculatorBaseFactory> >>::Register(std::basic_string_view<char, std::char_traits<char> >, std::function<std::unique_ptr<mediapipe::internal::CalculatorBaseFactory, std::default_delete<mediapipe::internal::CalculatorBaseFactory> > ()>) (registration.h:190)
==72637==    by 0x622288F: mediapipe::GlobalFactoryRegistry<std::unique_ptr<mediapipe::internal::CalculatorBaseFactory, std::default_delete<mediapipe::internal::CalculatorBaseFactory> >>::Register(std::basic_string_view<char, std::char_traits<char> >, std::function<std::unique_ptr<mediapipe::internal::CalculatorBaseFactory, std::default_delete<mediapipe::internal::CalculatorBaseFactory> > ()>) (registration.h:355)
==72637==    by 0x6CB1793: __static_initialization_and_destruction_0(int, int) (rect_to_render_data_calculator.cc:117)
==72637==    by 0x6CB194B: _GLOBAL__sub_I_rect_to_render_data_calculator.cc (rect_to_render_data_calculator.cc:206)
==72637==    by 0x4004447: call_init (dl-init.c:74)
==72637==    by 0x4004447: call_init (dl-init.c:26)
==72637==    by 0x4004553: _dl_init (dl-init.c:121)
==72637==    by 0x401AD37: (below main) (dl-start.S:46)
==72637== 
==72637== 27 bytes in 1 blocks are possibly lost in loss record 308 of 1,423
==72637==    at 0x4885828: operator new(unsigned long) (vg_replace_malloc.c:422)
==72637==    by 0x67FE63: void std::__cxx11::basic_string<char, std::char_traits<char>, std::allocator<char> >::_M_construct<char*>(char*, char*, std::forward_iterator_tag) (basic_string.tcc:225)
==72637==    by 0x6D4289B: std::pair<std::__cxx11::basic_string<char, std::char_traits<char>, std::allocator<char> >, std::function<std::unique_ptr<mediapipe::OutputStreamHandler, std::default_delete<mediapipe::OutputStreamHandler> > (std::shared_ptr<mediapipe::tool::TagMap>, mediapipe::CalculatorContextManager*, mediapipe::MediaPipeOptions const&, bool)> >::pair<std::__cxx11::basic_string<char, std::char_traits<char>, std::allocator<char> >&, std::function<std::unique_ptr<mediapipe::OutputStreamHandler, std::default_delete<mediapipe::OutputStreamHandler> > (std::shared_ptr<mediapipe::tool::TagMap>, mediapipe::CalculatorContextManager*, mediapipe::MediaPipeOptions const&, bool)>, true>(std::__cxx11::basic_string<char, std::char_traits<char>, std::allocator<char> >&, std::function<std::unique_ptr<mediapipe::OutputStreamHandler, std::default_delete<mediapipe::OutputStreamHandler> > (std::shared_ptr<mediapipe::tool::TagMap>, mediapipe::CalculatorContextManager*, mediapipe::MediaPipeOptions const&, bool)>&&) (stl_pair.h:535)
==72637==    by 0x6D42167: std::pair<std::__strip_reference_wrapper<std::decay<std::__cxx11::basic_string<char, std::char_traits<char>, std::allocator<char> >&>::type>::__type, std::__strip_reference_wrapper<std::decay<std::function<std::unique_ptr<mediapipe::OutputStreamHandler, std::default_delete<mediapipe::OutputStreamHandler> > (std::shared_ptr<mediapipe::tool::TagMap>, mediapipe::CalculatorContextManager*, mediapipe::MediaPipeOptions const&, bool)> >::type>::__type> std::make_pair<std::__cxx11::basic_string<char, std::char_traits<char>, std::allocator<char> >&, std::function<std::unique_ptr<mediapipe::OutputStreamHandler, std::default_delete<mediapipe::OutputStreamHandler> > (std::shared_ptr<mediapipe::tool::TagMap>, mediapipe::CalculatorContextManager*, mediapipe::MediaPipeOptions const&, bool)> >(std::__cxx11::basic_string<char, std::char_traits<char>, std::allocator<char> >&, std::function<std::unique_ptr<mediapipe::OutputStreamHandler, std::default_delete<mediapipe::OutputStreamHandler> > (std::shared_ptr<mediapipe::tool::TagMap>, mediapipe::CalculatorContextManager*, mediapipe::MediaPipeOptions const&, bool)>&&) (stl_pair.h:746)
==72637==    by 0x6D4150F: mediapipe::FunctionRegistry<std::unique_ptr<mediapipe::OutputStreamHandler, std::default_delete<mediapipe::OutputStreamHandler> >, std::shared_ptr<mediapipe::tool::TagMap>, mediapipe::CalculatorContextManager*, mediapipe::MediaPipeOptions const&, bool>::Register(std::basic_string_view<char, std::char_traits<char> >, std::function<std::unique_ptr<mediapipe::OutputStreamHandler, std::default_delete<mediapipe::OutputStreamHandler> > (std::shared_ptr<mediapipe::tool::TagMap>, mediapipe::CalculatorContextManager*, mediapipe::MediaPipeOptions const&, bool)>) (registration.h:190)
==72637==    by 0x6D40D03: mediapipe::GlobalFactoryRegistry<std::unique_ptr<mediapipe::OutputStreamHandler, std::default_delete<mediapipe::OutputStreamHandler> >, std::shared_ptr<mediapipe::tool::TagMap>, mediapipe::CalculatorContextManager*, mediapipe::MediaPipeOptions const&, bool>::Register(std::basic_string_view<char, std::char_traits<char> >, std::function<std::unique_ptr<mediapipe::OutputStreamHandler, std::default_delete<mediapipe::OutputStreamHandler> > (std::shared_ptr<mediapipe::tool::TagMap>, mediapipe::CalculatorContextManager*, mediapipe::MediaPipeOptions const&, bool)>) (registration.h:355)
==72637==    by 0x6D404DB: __static_initialization_and_destruction_0(int, int) (in_order_output_stream_handler.cc:24)
==72637==    by 0x6D40563: _GLOBAL__sub_I_in_order_output_stream_handler.cc (in_order_output_stream_handler.cc:134)
==72637==    by 0x4004447: call_init (dl-init.c:74)
==72637==    by 0x4004447: call_init (dl-init.c:26)
==72637==    by 0x4004553: _dl_init (dl-init.c:121)
==72637==    by 0x401AD37: (below main) (dl-start.S:46)
==72637== 
==72637== 28 bytes in 1 blocks are possibly lost in loss record 320 of 1,423
==72637==    at 0x4885828: operator new(unsigned long) (vg_replace_malloc.c:422)
==72637==    by 0x436BB3: void std::__cxx11::basic_string<char, std::char_traits<char>, std::allocator<char> >::_M_construct<char const*>(char const*, char const*, std::forward_iterator_tag) (basic_string.tcc:225)
==72637==    by 0x881B5D7: std::__cxx11::basic_string<char, std::char_traits<char>, std::allocator<char> >::substr(unsigned long, unsigned long) const (in /usr/lib/aarch64-linux-gnu/libstdc++.so.6.0.30)
==72637==    by 0x6DEAF0B: mediapipe::tool::(anonymous namespace)::CanonicalTypeName(std::__cxx11::basic_string<char, std::char_traits<char>, std::allocator<char> > const&) (options_registry.cc:17)
==72637==    by 0x6DECE07: mediapipe::tool::OptionsRegistry::Register(mediapipe::FieldData const&, std::__cxx11::basic_string<char, std::char_traits<char>, std::allocator<char> > const&) (options_registry.cc:138)
==72637==    by 0x6DEC9EF: mediapipe::tool::OptionsRegistry::Register(mediapipe::FieldData const&) (options_registry.cc:113)
==72637==    by 0x63114F3: __static_initialization_and_destruction_0(int, int) (inference_calculator_options_lib.cc:45)
==72637==    by 0x63115A3: _GLOBAL__sub_I_inference_calculator_options_lib.cc (inference_calculator_options_lib.cc:49)
==72637==    by 0x4004447: call_init (dl-init.c:74)
==72637==    by 0x4004447: call_init (dl-init.c:26)
==72637==    by 0x4004553: _dl_init (dl-init.c:121)
==72637==    by 0x401AD37: (below main) (dl-start.S:46)
==72637== 
==72637== 28 bytes in 1 blocks are possibly lost in loss record 321 of 1,423
==72637==    at 0x4885828: operator new(unsigned long) (vg_replace_malloc.c:422)
==72637==    by 0x67FE63: void std::__cxx11::basic_string<char, std::char_traits<char>, std::allocator<char> >::_M_construct<char*>(char*, char*, std::forward_iterator_tag) (basic_string.tcc:225)
==72637==    by 0x62D695B: std::pair<std::__cxx11::basic_string<char, std::char_traits<char>, std::allocator<char> >, std::function<std::unique_ptr<mediapipe::InputStreamHandler, std::default_delete<mediapipe::InputStreamHandler> > (std::shared_ptr<mediapipe::tool::TagMap>, mediapipe::CalculatorContextManager*, mediapipe::MediaPipeOptions const&, bool)> >::pair<std::__cxx11::basic_string<char, std::char_traits<char>, std::allocator<char> >&, std::function<std::unique_ptr<mediapipe::InputStreamHandler, std::default_delete<mediapipe::InputStreamHandler> > (std::shared_ptr<mediapipe::tool::TagMap>, mediapipe::CalculatorContextManager*, mediapipe::MediaPipeOptions const&, bool)>, true>(std::__cxx11::basic_string<char, std::char_traits<char>, std::allocator<char> >&, std::function<std::unique_ptr<mediapipe::InputStreamHandler, std::default_delete<mediapipe::InputStreamHandler> > (std::shared_ptr<mediapipe::tool::TagMap>, mediapipe::CalculatorContextManager*, mediapipe::MediaPipeOptions const&, bool)>&&) (stl_pair.h:535)
==72637==    by 0x62D5BFB: std::pair<std::__strip_reference_wrapper<std::decay<std::__cxx11::basic_string<char, std::char_traits<char>, std::allocator<char> >&>::type>::__type, std::__strip_reference_wrapper<std::decay<std::function<std::unique_ptr<mediapipe::InputStreamHandler, std::default_delete<mediapipe::InputStreamHandler> > (std::shared_ptr<mediapipe::tool::TagMap>, mediapipe::CalculatorContextManager*, mediapipe::MediaPipeOptions const&, bool)> >::type>::__type> std::make_pair<std::__cxx11::basic_string<char, std::char_traits<char>, std::allocator<char> >&, std::function<std::unique_ptr<mediapipe::InputStreamHandler, std::default_delete<mediapipe::InputStreamHandler> > (std::shared_ptr<mediapipe::tool::TagMap>, mediapipe::CalculatorContextManager*, mediapipe::MediaPipeOptions const&, bool)> >(std::__cxx11::basic_string<char, std::char_traits<char>, std::allocator<char> >&, std::function<std::unique_ptr<mediapipe::InputStreamHandler, std::default_delete<mediapipe::InputStreamHandler> > (std::shared_ptr<mediapipe::tool::TagMap>, mediapipe::CalculatorContextManager*, mediapipe::MediaPipeOptions const&, bool)>&&) (stl_pair.h:746)
==72637==    by 0x62D482F: mediapipe::FunctionRegistry<std::unique_ptr<mediapipe::InputStreamHandler, std::default_delete<mediapipe::InputStreamHandler> >, std::shared_ptr<mediapipe::tool::TagMap>, mediapipe::CalculatorContextManager*, mediapipe::MediaPipeOptions const&, bool>::Register(std::basic_string_view<char, std::char_traits<char> >, std::function<std::unique_ptr<mediapipe::InputStreamHandler, std::default_delete<mediapipe::InputStreamHandler> > (std::shared_ptr<mediapipe::tool::TagMap>, mediapipe::CalculatorContextManager*, mediapipe::MediaPipeOptions const&, bool)>) (registration.h:190)
==72637==    by 0x62D3A93: mediapipe::GlobalFactoryRegistry<std::unique_ptr<mediapipe::InputStreamHandler, std::default_delete<mediapipe::InputStreamHandler> >, std::shared_ptr<mediapipe::tool::TagMap>, mediapipe::CalculatorContextManager*, mediapipe::MediaPipeOptions const&, bool>::Register(std::basic_string_view<char, std::char_traits<char> >, std::function<std::unique_ptr<mediapipe::InputStreamHandler, std::default_delete<mediapipe::InputStreamHandler> > (std::shared_ptr<mediapipe::tool::TagMap>, mediapipe::CalculatorContextManager*, mediapipe::MediaPipeOptions const&, bool)>) (registration.h:355)
==72637==    by 0x641C1BF: __static_initialization_and_destruction_0(int, int) (fixed_size_input_stream_handler.cc:194)
==72637==    by 0x641C247: _GLOBAL__sub_I_fixed_size_input_stream_handler.cc (fixed_size_input_stream_handler.cc:196)
==72637==    by 0x4004447: call_init (dl-init.c:74)
==72637==    by 0x4004447: call_init (dl-init.c:26)
==72637==    by 0x4004553: _dl_init (dl-init.c:121)
==72637==    by 0x401AD37: (below main) (dl-start.S:46)
==72637== 
==72637== 28 bytes in 1 blocks are possibly lost in loss record 322 of 1,423
==72637==    at 0x4885828: operator new(unsigned long) (vg_replace_malloc.c:422)
==72637==    by 0x67FE63: void std::__cxx11::basic_string<char, std::char_traits<char>, std::allocator<char> >::_M_construct<char*>(char*, char*, std::forward_iterator_tag) (basic_string.tcc:225)
==72637==    by 0x62DAEF3: std::pair<std::__cxx11::basic_string<char, std::char_traits<char>, std::allocator<char> > const, std::function<std::unique_ptr<mediapipe::InputStreamHandler, std::default_delete<mediapipe::InputStreamHandler> > (std::shared_ptr<mediapipe::tool::TagMap>, mediapipe::CalculatorContextManager*, mediapipe::MediaPipeOptions const&, bool)> >::pair(std::pair<std::__cxx11::basic_string<char, std::char_traits<char>, std::allocator<char> > const, std::function<std::unique_ptr<mediapipe::InputStreamHandler, std::default_delete<mediapipe::InputStreamHandler> > (std::shared_ptr<mediapipe::tool::TagMap>, mediapipe::CalculatorContextManager*, mediapipe::MediaPipeOptions const&, bool)> >&&) (stl_pair.h:196)
==72637==    by 0x62DAF63: void std::__new_allocator<std::pair<std::__cxx11::basic_string<char, std::char_traits<char>, std::allocator<char> > const, std::function<std::unique_ptr<mediapipe::InputStreamHandler, std::default_delete<mediapipe::InputStreamHandler> > (std::shared_ptr<mediapipe::tool::TagMap>, mediapipe::CalculatorContextManager*, mediapipe::MediaPipeOptions const&, bool)> > >::construct<std::pair<std::__cxx11::basic_string<char, std::char_traits<char>, std::allocator<char> > const, std::function<std::unique_ptr<mediapipe::InputStreamHandler, std::default_delete<mediapipe::InputStreamHandler> > (std::shared_ptr<mediapipe::tool::TagMap>, mediapipe::CalculatorContextManager*, mediapipe::MediaPipeOptions const&, bool)> >, std::pair<std::__cxx11::basic_string<char, std::char_traits<char>, std::allocator<char> > const, std::function<std::unique_ptr<mediapipe::InputStreamHandler, std::default_delete<mediapipe::InputStreamHandler> > (std::shared_ptr<mediapipe::tool::TagMap>, mediapipe::CalculatorContextManager*, mediapipe::MediaPipeOptions const&, bool)> > >(std::pair<std::__cxx11::basic_string<char, std::char_traits<char>, std::allocator<char> > const, std::function<std::unique_ptr<mediapipe::InputStreamHandler, std::default_delete<mediapipe::InputStreamHandler> > (std::shared_ptr<mediapipe::tool::TagMap>, mediapipe::CalculatorContextManager*, mediapipe::MediaPipeOptions const&, bool)> >*, std::pair<std::__cxx11::basic_string<char, std::char_traits<char>, std::allocator<char> > const, std::function<std::unique_ptr<mediapipe::InputStreamHandler, std::default_delete<mediapipe::InputStreamHandler> > (std::shared_ptr<mediapipe::tool::TagMap>, mediapipe::CalculatorContextManager*, mediapipe::MediaPipeOptions const&, bool)> >&&) (new_allocator.h:175)
==72637==    by 0x62DADD3: void std::allocator_traits<std::allocator<std::pair<std::__cxx11::basic_string<char, std::char_traits<char>, std::allocator<char> > const, std::function<std::unique_ptr<mediapipe::InputStreamHandler, std::default_delete<mediapipe::InputStreamHandler> > (std::shared_ptr<mediapipe::tool::TagMap>, mediapipe::CalculatorContextManager*, mediapipe::MediaPipeOptions const&, bool)> > > >::construct<std::pair<std::__cxx11::basic_string<char, std::char_traits<char>, std::allocator<char> > const, std::function<std::unique_ptr<mediapipe::InputStreamHandler, std::default_delete<mediapipe::InputStreamHandler> > (std::shared_ptr<mediapipe::tool::TagMap>, mediapipe::CalculatorContextManager*, mediapipe::MediaPipeOptions const&, bool)> >, std::pair<std::__cxx11::basic_string<char, std::char_traits<char>, std::allocator<char> > const, std::function<std::unique_ptr<mediapipe::InputStreamHandler, std::default_delete<mediapipe::InputStreamHandler> > (std::shared_ptr<mediapipe::tool::TagMap>, mediapipe::CalculatorContextManager*, mediapipe::MediaPipeOptions const&, bool)> > >(std::allocator<std::pair<std::__cxx11::basic_string<char, std::char_traits<char>, std::allocator<char> > const, std::function<std::unique_ptr<mediapipe::InputStreamHandler, std::default_delete<mediapipe::InputStreamHandler> > (std::shared_ptr<mediapipe::tool::TagMap>, mediapipe::CalculatorContextManager*, mediapipe::MediaPipeOptions const&, bool)> > >&, std::pair<std::__cxx11::basic_string<char, std::char_traits<char>, std::allocator<char> > const, std::function<std::unique_ptr<mediapipe::InputStreamHandler, std::default_delete<mediapipe::InputStreamHandler> > (std::shared_ptr<mediapipe::tool::TagMap>, mediapipe::CalculatorContextManager*, mediapipe::MediaPipeOptions const&, bool)> >*, std::pair<std::__cxx11::basic_string<char, std::char_traits<char>, std::allocator<char> > const, std::function<std::unique_ptr<mediapipe::InputStreamHandler, std::default_delete<mediapipe::InputStreamHandler> > (std::shared_ptr<mediapipe::tool::TagMap>, mediapipe::CalculatorContextManager*, mediapipe::MediaPipeOptions const&, bool)> >&&) (alloc_traits.h:516)
==72637==    by 0x62DAC43: void absl::container_internal::map_slot_policy<std::__cxx11::basic_string<char, std::char_traits<char>, std::allocator<char> >, std::function<std::unique_ptr<mediapipe::InputStreamHandler, std::default_delete<mediapipe::InputStreamHandler> > (std::shared_ptr<mediapipe::tool::TagMap>, mediapipe::CalculatorContextManager*, mediapipe::MediaPipeOptions const&, bool)> >::transfer<std::allocator<std::pair<std::__cxx11::basic_string<char, std::char_traits<char>, std::allocator<char> > const, std::function<std::unique_ptr<mediapipe::InputStreamHandler, std::default_delete<mediapipe::InputStreamHandler> > (std::shared_ptr<mediapipe::tool::TagMap>, mediapipe::CalculatorContextManager*, mediapipe::MediaPipeOptions const&, bool)> > > >(std::allocator<std::pair<std::__cxx11::basic_string<char, std::char_traits<char>, std::allocator<char> > const, std::function<std::unique_ptr<mediapipe::InputStreamHandler, std::default_delete<mediapipe::InputStreamHandler> > (std::shared_ptr<mediapipe::tool::TagMap>, mediapipe::CalculatorContextManager*, mediapipe::MediaPipeOptions const&, bool)> > >*, absl::container_internal::map_slot_type<std::__cxx11::basic_string<char, std::char_traits<char>, std::allocator<char> >, std::function<std::unique_ptr<mediapipe::InputStreamHandler, std::default_delete<mediapipe::InputStreamHandler> > (std::shared_ptr<mediapipe::tool::TagMap>, mediapipe::CalculatorContextManager*, mediapipe::MediaPipeOptions const&, bool)> >*, absl::container_internal::map_slot_type<std::__cxx11::basic_string<char, std::char_traits<char>, std::allocator<char> >, std::function<std::unique_ptr<mediapipe::InputStreamHandler, std::default_delete<mediapipe::InputStreamHandler> > (std::shared_ptr<mediapipe::tool::TagMap>, mediapipe::CalculatorContextManager*, mediapipe::MediaPipeOptions const&, bool)> >*) (container_memory.h:443)
==72637==    by 0x62DA96F: void absl::container_internal::FlatHashMapPolicy<std::__cxx11::basic_string<char, std::char_traits<char>, std::allocator<char> >, std::function<std::unique_ptr<mediapipe::InputStreamHandler, std::default_delete<mediapipe::InputStreamHandler> > (std::shared_ptr<mediapipe::tool::TagMap>, mediapipe::CalculatorContextManager*, mediapipe::MediaPipeOptions const&, bool)> >::transfer<std::allocator<std::pair<std::__cxx11::basic_string<char, std::char_traits<char>, std::allocator<char> > const, std::function<std::unique_ptr<mediapipe::InputStreamHandler, std::default_delete<mediapipe::InputStreamHandler> > (std::shared_ptr<mediapipe::tool::TagMap>, mediapipe::CalculatorContextManager*, mediapipe::MediaPipeOptions const&, bool)> > > >(std::allocator<std::pair<std::__cxx11::basic_string<char, std::char_traits<char>, std::allocator<char> > const, std::function<std::unique_ptr<mediapipe::InputStreamHandler, std::default_delete<mediapipe::InputStreamHandler> > (std::shared_ptr<mediapipe::tool::TagMap>, mediapipe::CalculatorContextManager*, mediapipe::MediaPipeOptions const&, bool)> > >*, absl::container_internal::map_slot_type<std::__cxx11::basic_string<char, std::char_traits<char>, std::allocator<char> >, std::function<std::unique_ptr<mediapipe::InputStreamHandler, std::default_delete<mediapipe::InputStreamHandler> > (std::shared_ptr<mediapipe::tool::TagMap>, mediapipe::CalculatorContextManager*, mediapipe::MediaPipeOptions const&, bool)> >*, absl::container_internal::map_slot_type<std::__cxx11::basic_string<char, std::char_traits<char>, std::allocator<char> >, std::function<std::unique_ptr<mediapipe::InputStreamHandler, std::default_delete<mediapipe::InputStreamHandler> > (std::shared_ptr<mediapipe::tool::TagMap>, mediapipe::CalculatorContextManager*, mediapipe::MediaPipeOptions const&, bool)> >*) (flat_hash_map.h:584)
==72637==    by 0x62DA77F: decltype (absl::container_internal::FlatHashMapPolicy<std::__cxx11::basic_string<char, std::char_traits<char>, std::allocator<char> >, std::function<std::unique_ptr<mediapipe::InputStreamHandler, std::default_delete<mediapipe::InputStreamHandler> > (std::shared_ptr<mediapipe::tool::TagMap>, mediapipe::CalculatorContextManager*, mediapipe::MediaPipeOptions const&, bool)> >::transfer({parm#1}, {parm#2}, {parm#3})) absl::container_internal::common_policy_traits<absl::container_internal::FlatHashMapPolicy<std::__cxx11::basic_string<char, std::char_traits<char>, std::allocator<char> >, std::function<std::unique_ptr<mediapipe::InputStreamHandler, std::default_delete<mediapipe::InputStreamHandler> > (std::shared_ptr<mediapipe::tool::TagMap>, mediapipe::CalculatorContextManager*, mediapipe::MediaPipeOptions const&, bool)> >, void>::transfer_impl<std::allocator<std::pair<std::__cxx11::basic_string<char, std::char_traits<char>, std::allocator<char> > const, std::function<std::unique_ptr<mediapipe::InputStreamHandler, std::default_delete<mediapipe::InputStreamHandler> > (std::shared_ptr<mediapipe::tool::TagMap>, mediapipe::CalculatorContextManager*, mediapipe::MediaPipeOptions const&, bool)> > >, absl::container_internal::FlatHashMapPolicy<std::__cxx11::basic_string<char, std::char_traits<char>, std::allocator<char> >, std::function<std::unique_ptr<mediapipe::InputStreamHandler, std::default_delete<mediapipe::InputStreamHandler> > (std::shared_ptr<mediapipe::tool::TagMap>, mediapipe::CalculatorContextManager*, mediapipe::MediaPipeOptions const&, bool)> > >(std::allocator<std::pair<std::__cxx11::basic_string<char, std::char_traits<char>, std::allocator<char> > const, std::function<std::unique_ptr<mediapipe::InputStreamHandler, std::default_delete<mediapipe::InputStreamHandler> > (std::shared_ptr<mediapipe::tool::TagMap>, mediapipe::CalculatorContextManager*, mediapipe::MediaPipeOptions const&, bool)> > >*, absl::container_internal::map_slot_type<std::__cxx11::basic_string<char, std::char_traits<char>, std::allocator<char> >, std::function<std::unique_ptr<mediapipe::InputStreamHandler, std::default_delete<mediapipe::InputStreamHandler> > (std::shared_ptr<mediapipe::tool::TagMap>, mediapipe::CalculatorContextManager*, mediapipe::MediaPipeOptions const&, bool)> >*, absl::container_internal::map_slot_type<std::__cxx11::basic_string<char, std::char_traits<char>, std::allocator<char> >, std::function<std::unique_ptr<mediapipe::InputStreamHandler, std::default_delete<mediapipe::InputStreamHandler> > (std::shared_ptr<mediapipe::tool::TagMap>, mediapipe::CalculatorContextManager*, mediapipe::MediaPipeOptions const&, bool)> >*, absl::container_internal::common_policy_traits<absl::container_internal::FlatHashMapPolicy<std::__cxx11::basic_string<char, std::char_traits<char>, std::allocator<char> >, std::function<std::unique_ptr<mediapipe::InputStreamHandler, std::default_delete<mediapipe::InputStreamHandler> > (std::shared_ptr<mediapipe::tool::TagMap>, mediapipe::CalculatorContextManager*, mediapipe::MediaPipeOptions const&, bool)> >, void>::Rank0) (common_policy_traits.h:102)
==72637==    by 0x62DA4AF: void absl::container_internal::common_policy_traits<absl::container_internal::FlatHashMapPolicy<std::__cxx11::basic_string<char, std::char_traits<char>, std::allocator<char> >, std::function<std::unique_ptr<mediapipe::InputStreamHandler, std::default_delete<mediapipe::InputStreamHandler> > (std::shared_ptr<mediapipe::tool::TagMap>, mediapipe::CalculatorContextManager*, mediapipe::MediaPipeOptions const&, bool)> >, void>::transfer<std::allocator<std::pair<std::__cxx11::basic_string<char, std::char_traits<char>, std::allocator<char> > const, std::function<std::unique_ptr<mediapipe::InputStreamHandler, std::default_delete<mediapipe::InputStreamHandler> > (std::shared_ptr<mediapipe::tool::TagMap>, mediapipe::CalculatorContextManager*, mediapipe::MediaPipeOptions const&, bool)> > > >(std::allocator<std::pair<std::__cxx11::basic_string<char, std::char_traits<char>, std::allocator<char> > const, std::function<std::unique_ptr<mediapipe::InputStreamHandler, std::default_delete<mediapipe::InputStreamHandler> > (std::shared_ptr<mediapipe::tool::TagMap>, mediapipe::CalculatorContextManager*, mediapipe::MediaPipeOptions const&, bool)> > >*, absl::container_internal::map_slot_type<std::__cxx11::basic_string<char, std::char_traits<char>, std::allocator<char> >, std::function<std::unique_ptr<mediapipe::InputStreamHandler, std::default_delete<mediapipe::InputStreamHandler> > (std::shared_ptr<mediapipe::tool::TagMap>, mediapipe::CalculatorContextManager*, mediapipe::MediaPipeOptions const&, bool)> >*, absl::container_internal::map_slot_type<std::__cxx11::basic_string<char, std::char_traits<char>, std::allocator<char> >, std::function<std::unique_ptr<mediapipe::InputStreamHandler, std::default_delete<mediapipe::InputStreamHandler> > (std::shared_ptr<mediapipe::tool::TagMap>, mediapipe::CalculatorContextManager*, mediapipe::MediaPipeOptions const&, bool)> >*) (common_policy_traits.h:66)
==72637==    by 0x62DA0D3: absl::container_internal::raw_hash_set<absl::container_internal::FlatHashMapPolicy<std::__cxx11::basic_string<char, std::char_traits<char>, std::allocator<char> >, std::function<std::unique_ptr<mediapipe::InputStreamHandler, std::default_delete<mediapipe::InputStreamHandler> > (std::shared_ptr<mediapipe::tool::TagMap>, mediapipe::CalculatorContextManager*, mediapipe::MediaPipeOptions const&, bool)> >, absl::container_internal::StringHash, absl::container_internal::StringEq, std::allocator<std::pair<std::__cxx11::basic_string<char, std::char_traits<char>, std::allocator<char> > const, std::function<std::unique_ptr<mediapipe::InputStreamHandler, std::default_delete<mediapipe::InputStreamHandler> > (std::shared_ptr<mediapipe::tool::TagMap>, mediapipe::CalculatorContextManager*, mediapipe::MediaPipeOptions const&, bool)> > > >::resize(unsigned long) (raw_hash_set.h:2625)
==72637==    by 0x62DA21B: absl::container_internal::raw_hash_set<absl::container_internal::FlatHashMapPolicy<std::__cxx11::basic_string<char, std::char_traits<char>, std::allocator<char> >, std::function<std::unique_ptr<mediapipe::InputStreamHandler, std::default_delete<mediapipe::InputStreamHandler> > (std::shared_ptr<mediapipe::tool::TagMap>, mediapipe::CalculatorContextManager*, mediapipe::MediaPipeOptions const&, bool)> >, absl::container_internal::StringHash, absl::container_internal::StringEq, std::allocator<std::pair<std::__cxx11::basic_string<char, std::char_traits<char>, std::allocator<char> > const, std::function<std::unique_ptr<mediapipe::InputStreamHandler, std::default_delete<mediapipe::InputStreamHandler> > (std::shared_ptr<mediapipe::tool::TagMap>, mediapipe::CalculatorContextManager*, mediapipe::MediaPipeOptions const&, bool)> > > >::rehash_and_grow_if_necessary() (raw_hash_set.h:2702)
==72637==    by 0x62D9B63: absl::container_internal::raw_hash_set<absl::container_internal::FlatHashMapPolicy<std::__cxx11::basic_string<char, std::char_traits<char>, std::allocator<char> >, std::function<std::unique_ptr<mediapipe::InputStreamHandler, std::default_delete<mediapipe::InputStreamHandler> > (std::shared_ptr<mediapipe::tool::TagMap>, mediapipe::CalculatorContextManager*, mediapipe::MediaPipeOptions const&, bool)> >, absl::container_internal::StringHash, absl::container_internal::StringEq, std::allocator<std::pair<std::__cxx11::basic_string<char, std::char_traits<char>, std::allocator<char> > const, std::function<std::unique_ptr<mediapipe::InputStreamHandler, std::default_delete<mediapipe::InputStreamHandler> > (std::shared_ptr<mediapipe::tool::TagMap>, mediapipe::CalculatorContextManager*, mediapipe::MediaPipeOptions const&, bool)> > > >::prepare_insert(unsigned long) (raw_hash_set.h:2798)
==72637== 
==72637== 28 bytes in 1 blocks are possibly lost in loss record 323 of 1,423
==72637==    at 0x4885828: operator new(unsigned long) (vg_replace_malloc.c:422)
==72637==    by 0x67FE63: void std::__cxx11::basic_string<char, std::char_traits<char>, std::allocator<char> >::_M_construct<char*>(char*, char*, std::forward_iterator_tag) (basic_string.tcc:225)
==72637==    by 0x6226357: std::pair<std::__cxx11::basic_string<char, std::char_traits<char>, std::allocator<char> >, std::function<std::unique_ptr<mediapipe::internal::CalculatorBaseFactory, std::default_delete<mediapipe::internal::CalculatorBaseFactory> > ()> >::pair<std::__cxx11::basic_string<char, std::char_traits<char>, std::allocator<char> >&, std::function<std::unique_ptr<mediapipe::internal::CalculatorBaseFactory, std::default_delete<mediapipe::internal::CalculatorBaseFactory> > ()>, true>(std::__cxx11::basic_string<char, std::char_traits<char>, std::allocator<char> >&, std::function<std::unique_ptr<mediapipe::internal::CalculatorBaseFactory, std::default_delete<mediapipe::internal::CalculatorBaseFactory> > ()>&&) (stl_pair.h:535)
==72637==    by 0x622544B: std::pair<std::__strip_reference_wrapper<std::decay<std::__cxx11::basic_string<char, std::char_traits<char>, std::allocator<char> >&>::type>::__type, std::__strip_reference_wrapper<std::decay<std::function<std::unique_ptr<mediapipe::internal::CalculatorBaseFactory, std::default_delete<mediapipe::internal::CalculatorBaseFactory> > ()> >::type>::__type> std::make_pair<std::__cxx11::basic_string<char, std::char_traits<char>, std::allocator<char> >&, std::function<std::unique_ptr<mediapipe::internal::CalculatorBaseFactory, std::default_delete<mediapipe::internal::CalculatorBaseFactory> > ()> >(std::__cxx11::basic_string<char, std::char_traits<char>, std::allocator<char> >&, std::function<std::unique_ptr<mediapipe::internal::CalculatorBaseFactory, std::default_delete<mediapipe::internal::CalculatorBaseFactory> > ()>&&) (stl_pair.h:746)
==72637==    by 0x6223D5F: mediapipe::FunctionRegistry<std::unique_ptr<mediapipe::internal::CalculatorBaseFactory, std::default_delete<mediapipe::internal::CalculatorBaseFactory> >>::Register(std::basic_string_view<char, std::char_traits<char> >, std::function<std::unique_ptr<mediapipe::internal::CalculatorBaseFactory, std::default_delete<mediapipe::internal::CalculatorBaseFactory> > ()>) (registration.h:190)
==72637==    by 0x622288F: mediapipe::GlobalFactoryRegistry<std::unique_ptr<mediapipe::internal::CalculatorBaseFactory, std::default_delete<mediapipe::internal::CalculatorBaseFactory> >>::Register(std::basic_string_view<char, std::char_traits<char> >, std::function<std::unique_ptr<mediapipe::internal::CalculatorBaseFactory, std::default_delete<mediapipe::internal::CalculatorBaseFactory> > ()>) (registration.h:355)
==72637==    by 0x655482B: __static_initialization_and_destruction_0(int, int) (end_loop_calculator.cc:55)
==72637==    by 0x655517B: _GLOBAL__sub_I_end_loop_calculator.cc (end_loop_calculator.cc:93)
==72637==    by 0x4004447: call_init (dl-init.c:74)
==72637==    by 0x4004447: call_init (dl-init.c:26)
==72637==    by 0x4004553: _dl_init (dl-init.c:121)
==72637==    by 0x401AD37: (below main) (dl-start.S:46)
==72637== 
==72637== 28 bytes in 1 blocks are possibly lost in loss record 324 of 1,423
==72637==    at 0x4885828: operator new(unsigned long) (vg_replace_malloc.c:422)
==72637==    by 0x67FE63: void std::__cxx11::basic_string<char, std::char_traits<char>, std::allocator<char> >::_M_construct<char*>(char*, char*, std::forward_iterator_tag) (basic_string.tcc:225)
==72637==    by 0x6226357: std::pair<std::__cxx11::basic_string<char, std::char_traits<char>, std::allocator<char> >, std::function<std::unique_ptr<mediapipe::internal::CalculatorBaseFactory, std::default_delete<mediapipe::internal::CalculatorBaseFactory> > ()> >::pair<std::__cxx11::basic_string<char, std::char_traits<char>, std::allocator<char> >&, std::function<std::unique_ptr<mediapipe::internal::CalculatorBaseFactory, std::default_delete<mediapipe::internal::CalculatorBaseFactory> > ()>, true>(std::__cxx11::basic_string<char, std::char_traits<char>, std::allocator<char> >&, std::function<std::unique_ptr<mediapipe::internal::CalculatorBaseFactory, std::default_delete<mediapipe::internal::CalculatorBaseFactory> > ()>&&) (stl_pair.h:535)
==72637==    by 0x622544B: std::pair<std::__strip_reference_wrapper<std::decay<std::__cxx11::basic_string<char, std::char_traits<char>, std::allocator<char> >&>::type>::__type, std::__strip_reference_wrapper<std::decay<std::function<std::unique_ptr<mediapipe::internal::CalculatorBaseFactory, std::default_delete<mediapipe::internal::CalculatorBaseFactory> > ()> >::type>::__type> std::make_pair<std::__cxx11::basic_string<char, std::char_traits<char>, std::allocator<char> >&, std::function<std::unique_ptr<mediapipe::internal::CalculatorBaseFactory, std::default_delete<mediapipe::internal::CalculatorBaseFactory> > ()> >(std::__cxx11::basic_string<char, std::char_traits<char>, std::allocator<char> >&, std::function<std::unique_ptr<mediapipe::internal::CalculatorBaseFactory, std::default_delete<mediapipe::internal::CalculatorBaseFactory> > ()>&&) (stl_pair.h:746)
==72637==    by 0x6223D5F: mediapipe::FunctionRegistry<std::unique_ptr<mediapipe::internal::CalculatorBaseFactory, std::default_delete<mediapipe::internal::CalculatorBaseFactory> >>::Register(std::basic_string_view<char, std::char_traits<char> >, std::function<std::unique_ptr<mediapipe::internal::CalculatorBaseFactory, std::default_delete<mediapipe::internal::CalculatorBaseFactory> > ()>) (registration.h:190)
==72637==    by 0x622288F: mediapipe::GlobalFactoryRegistry<std::unique_ptr<mediapipe::internal::CalculatorBaseFactory, std::default_delete<mediapipe::internal::CalculatorBaseFactory> >>::Register(std::basic_string_view<char, std::char_traits<char> >, std::function<std::unique_ptr<mediapipe::internal::CalculatorBaseFactory, std::default_delete<mediapipe::internal::CalculatorBaseFactory> > ()>) (registration.h:355)
==72637==    by 0x6554A53: __static_initialization_and_destruction_0(int, int) (end_loop_calculator.cc:76)
==72637==    by 0x655517B: _GLOBAL__sub_I_end_loop_calculator.cc (end_loop_calculator.cc:93)
==72637==    by 0x4004447: call_init (dl-init.c:74)
==72637==    by 0x4004447: call_init (dl-init.c:26)
==72637==    by 0x4004553: _dl_init (dl-init.c:121)
==72637==    by 0x401AD37: (below main) (dl-start.S:46)
==72637== 
==72637== 28 bytes in 1 blocks are possibly lost in loss record 325 of 1,423
==72637==    at 0x4885828: operator new(unsigned long) (vg_replace_malloc.c:422)
==72637==    by 0x67FE63: void std::__cxx11::basic_string<char, std::char_traits<char>, std::allocator<char> >::_M_construct<char*>(char*, char*, std::forward_iterator_tag) (basic_string.tcc:225)
==72637==    by 0x6226357: std::pair<std::__cxx11::basic_string<char, std::char_traits<char>, std::allocator<char> >, std::function<std::unique_ptr<mediapipe::internal::CalculatorBaseFactory, std::default_delete<mediapipe::internal::CalculatorBaseFactory> > ()> >::pair<std::__cxx11::basic_string<char, std::char_traits<char>, std::allocator<char> >&, std::function<std::unique_ptr<mediapipe::internal::CalculatorBaseFactory, std::default_delete<mediapipe::internal::CalculatorBaseFactory> > ()>, true>(std::__cxx11::basic_string<char, std::char_traits<char>, std::allocator<char> >&, std::function<std::unique_ptr<mediapipe::internal::CalculatorBaseFactory, std::default_delete<mediapipe::internal::CalculatorBaseFactory> > ()>&&) (stl_pair.h:535)
==72637==    by 0x622544B: std::pair<std::__strip_reference_wrapper<std::decay<std::__cxx11::basic_string<char, std::char_traits<char>, std::allocator<char> >&>::type>::__type, std::__strip_reference_wrapper<std::decay<std::function<std::unique_ptr<mediapipe::internal::CalculatorBaseFactory, std::default_delete<mediapipe::internal::CalculatorBaseFactory> > ()> >::type>::__type> std::make_pair<std::__cxx11::basic_string<char, std::char_traits<char>, std::allocator<char> >&, std::function<std::unique_ptr<mediapipe::internal::CalculatorBaseFactory, std::default_delete<mediapipe::internal::CalculatorBaseFactory> > ()> >(std::__cxx11::basic_string<char, std::char_traits<char>, std::allocator<char> >&, std::function<std::unique_ptr<mediapipe::internal::CalculatorBaseFactory, std::default_delete<mediapipe::internal::CalculatorBaseFactory> > ()>&&) (stl_pair.h:746)
==72637==    by 0x6223D5F: mediapipe::FunctionRegistry<std::unique_ptr<mediapipe::internal::CalculatorBaseFactory, std::default_delete<mediapipe::internal::CalculatorBaseFactory> >>::Register(std::basic_string_view<char, std::char_traits<char> >, std::function<std::unique_ptr<mediapipe::internal::CalculatorBaseFactory, std::default_delete<mediapipe::internal::CalculatorBaseFactory> > ()>) (registration.h:190)
==72637==    by 0x622288F: mediapipe::GlobalFactoryRegistry<std::unique_ptr<mediapipe::internal::CalculatorBaseFactory, std::default_delete<mediapipe::internal::CalculatorBaseFactory> >>::Register(std::basic_string_view<char, std::char_traits<char> >, std::function<std::unique_ptr<mediapipe::internal::CalculatorBaseFactory, std::default_delete<mediapipe::internal::CalculatorBaseFactory> > ()>) (registration.h:355)
==72637==    by 0x6581147: __static_initialization_and_destruction_0(int, int) (split_vector_calculator.cc:56)
==72637==    by 0x6581A17: _GLOBAL__sub_I_split_vector_calculator.cc (split_vector_calculator.cc:105)
==72637==    by 0x4004447: call_init (dl-init.c:74)
==72637==    by 0x4004447: call_init (dl-init.c:26)
==72637==    by 0x4004553: _dl_init (dl-init.c:121)
==72637==    by 0x401AD37: (below main) (dl-start.S:46)
==72637== 
==72637== 28 bytes in 1 blocks are possibly lost in loss record 326 of 1,423
==72637==    at 0x4885828: operator new(unsigned long) (vg_replace_malloc.c:422)
==72637==    by 0x67FE63: void std::__cxx11::basic_string<char, std::char_traits<char>, std::allocator<char> >::_M_construct<char*>(char*, char*, std::forward_iterator_tag) (basic_string.tcc:225)
==72637==    by 0x6226357: std::pair<std::__cxx11::basic_string<char, std::char_traits<char>, std::allocator<char> >, std::function<std::unique_ptr<mediapipe::internal::CalculatorBaseFactory, std::default_delete<mediapipe::internal::CalculatorBaseFactory> > ()> >::pair<std::__cxx11::basic_string<char, std::char_traits<char>, std::allocator<char> >&, std::function<std::unique_ptr<mediapipe::internal::CalculatorBaseFactory, std::default_delete<mediapipe::internal::CalculatorBaseFactory> > ()>, true>(std::__cxx11::basic_string<char, std::char_traits<char>, std::allocator<char> >&, std::function<std::unique_ptr<mediapipe::internal::CalculatorBaseFactory, std::default_delete<mediapipe::internal::CalculatorBaseFactory> > ()>&&) (stl_pair.h:535)
==72637==    by 0x622544B: std::pair<std::__strip_reference_wrapper<std::decay<std::__cxx11::basic_string<char, std::char_traits<char>, std::allocator<char> >&>::type>::__type, std::__strip_reference_wrapper<std::decay<std::function<std::unique_ptr<mediapipe::internal::CalculatorBaseFactory, std::default_delete<mediapipe::internal::CalculatorBaseFactory> > ()> >::type>::__type> std::make_pair<std::__cxx11::basic_string<char, std::char_traits<char>, std::allocator<char> >&, std::function<std::unique_ptr<mediapipe::internal::CalculatorBaseFactory, std::default_delete<mediapipe::internal::CalculatorBaseFactory> > ()> >(std::__cxx11::basic_string<char, std::char_traits<char>, std::allocator<char> >&, std::function<std::unique_ptr<mediapipe::internal::CalculatorBaseFactory, std::default_delete<mediapipe::internal::CalculatorBaseFactory> > ()>&&) (stl_pair.h:746)
==72637==    by 0x6223D5F: mediapipe::FunctionRegistry<std::unique_ptr<mediapipe::internal::CalculatorBaseFactory, std::default_delete<mediapipe::internal::CalculatorBaseFactory> >>::Register(std::basic_string_view<char, std::char_traits<char> >, std::function<std::unique_ptr<mediapipe::internal::CalculatorBaseFactory, std::default_delete<mediapipe::internal::CalculatorBaseFactory> > ()>) (registration.h:190)
==72637==    by 0x622288F: mediapipe::GlobalFactoryRegistry<std::unique_ptr<mediapipe::internal::CalculatorBaseFactory, std::default_delete<mediapipe::internal::CalculatorBaseFactory> >>::Register(std::basic_string_view<char, std::char_traits<char> >, std::function<std::unique_ptr<mediapipe::internal::CalculatorBaseFactory, std::default_delete<mediapipe::internal::CalculatorBaseFactory> > ()>) (registration.h:355)
==72637==    by 0x65812B7: __static_initialization_and_destruction_0(int, int) (split_vector_calculator.cc:71)
==72637==    by 0x6581A17: _GLOBAL__sub_I_split_vector_calculator.cc (split_vector_calculator.cc:105)
==72637==    by 0x4004447: call_init (dl-init.c:74)
==72637==    by 0x4004447: call_init (dl-init.c:26)
==72637==    by 0x4004553: _dl_init (dl-init.c:121)
==72637==    by 0x401AD37: (below main) (dl-start.S:46)
==72637== 
==72637== 28 bytes in 1 blocks are possibly lost in loss record 327 of 1,423
==72637==    at 0x4885828: operator new(unsigned long) (vg_replace_malloc.c:422)
==72637==    by 0x67FE63: void std::__cxx11::basic_string<char, std::char_traits<char>, std::allocator<char> >::_M_construct<char*>(char*, char*, std::forward_iterator_tag) (basic_string.tcc:225)
==72637==    by 0x6226357: std::pair<std::__cxx11::basic_string<char, std::char_traits<char>, std::allocator<char> >, std::function<std::unique_ptr<mediapipe::internal::CalculatorBaseFactory, std::default_delete<mediapipe::internal::CalculatorBaseFactory> > ()> >::pair<std::__cxx11::basic_string<char, std::char_traits<char>, std::allocator<char> >&, std::function<std::unique_ptr<mediapipe::internal::CalculatorBaseFactory, std::default_delete<mediapipe::internal::CalculatorBaseFactory> > ()>, true>(std::__cxx11::basic_string<char, std::char_traits<char>, std::allocator<char> >&, std::function<std::unique_ptr<mediapipe::internal::CalculatorBaseFactory, std::default_delete<mediapipe::internal::CalculatorBaseFactory> > ()>&&) (stl_pair.h:535)
==72637==    by 0x622544B: std::pair<std::__strip_reference_wrapper<std::decay<std::__cxx11::basic_string<char, std::char_traits<char>, std::allocator<char> >&>::type>::__type, std::__strip_reference_wrapper<std::decay<std::function<std::unique_ptr<mediapipe::internal::CalculatorBaseFactory, std::default_delete<mediapipe::internal::CalculatorBaseFactory> > ()> >::type>::__type> std::make_pair<std::__cxx11::basic_string<char, std::char_traits<char>, std::allocator<char> >&, std::function<std::unique_ptr<mediapipe::internal::CalculatorBaseFactory, std::default_delete<mediapipe::internal::CalculatorBaseFactory> > ()> >(std::__cxx11::basic_string<char, std::char_traits<char>, std::allocator<char> >&, std::function<std::unique_ptr<mediapipe::internal::CalculatorBaseFactory, std::default_delete<mediapipe::internal::CalculatorBaseFactory> > ()>&&) (stl_pair.h:746)
==72637==    by 0x6223D5F: mediapipe::FunctionRegistry<std::unique_ptr<mediapipe::internal::CalculatorBaseFactory, std::default_delete<mediapipe::internal::CalculatorBaseFactory> >>::Register(std::basic_string_view<char, std::char_traits<char> >, std::function<std::unique_ptr<mediapipe::internal::CalculatorBaseFactory, std::default_delete<mediapipe::internal::CalculatorBaseFactory> > ()>) (registration.h:190)
==72637==    by 0x622288F: mediapipe::GlobalFactoryRegistry<std::unique_ptr<mediapipe::internal::CalculatorBaseFactory, std::default_delete<mediapipe::internal::CalculatorBaseFactory> >>::Register(std::basic_string_view<char, std::char_traits<char> >, std::function<std::unique_ptr<mediapipe::internal::CalculatorBaseFactory, std::default_delete<mediapipe::internal::CalculatorBaseFactory> > ()>) (registration.h:355)
==72637==    by 0x6C5A22F: __static_initialization_and_destruction_0(int, int) (annotation_overlay_calculator.cc:183)
==72637==    by 0x6C5A31F: _GLOBAL__sub_I_annotation_overlay_calculator.cc (annotation_overlay_calculator.cc:774)
==72637==    by 0x4004447: call_init (dl-init.c:74)
==72637==    by 0x4004447: call_init (dl-init.c:26)
==72637==    by 0x4004553: _dl_init (dl-init.c:121)
==72637==    by 0x401AD37: (below main) (dl-start.S:46)
==72637== 
==72637== 29 bytes in 1 blocks are possibly lost in loss record 339 of 1,423
==72637==    at 0x4885828: operator new(unsigned long) (vg_replace_malloc.c:422)
==72637==    by 0x67FE63: void std::__cxx11::basic_string<char, std::char_traits<char>, std::allocator<char> >::_M_construct<char*>(char*, char*, std::forward_iterator_tag) (basic_string.tcc:225)
==72637==    by 0x6226357: std::pair<std::__cxx11::basic_string<char, std::char_traits<char>, std::allocator<char> >, std::function<std::unique_ptr<mediapipe::internal::CalculatorBaseFactory, std::default_delete<mediapipe::internal::CalculatorBaseFactory> > ()> >::pair<std::__cxx11::basic_string<char, std::char_traits<char>, std::allocator<char> >&, std::function<std::unique_ptr<mediapipe::internal::CalculatorBaseFactory, std::default_delete<mediapipe::internal::CalculatorBaseFactory> > ()>, true>(std::__cxx11::basic_string<char, std::char_traits<char>, std::allocator<char> >&, std::function<std::unique_ptr<mediapipe::internal::CalculatorBaseFactory, std::default_delete<mediapipe::internal::CalculatorBaseFactory> > ()>&&) (stl_pair.h:535)
==72637==    by 0x622544B: std::pair<std::__strip_reference_wrapper<std::decay<std::__cxx11::basic_string<char, std::char_traits<char>, std::allocator<char> >&>::type>::__type, std::__strip_reference_wrapper<std::decay<std::function<std::unique_ptr<mediapipe::internal::CalculatorBaseFactory, std::default_delete<mediapipe::internal::CalculatorBaseFactory> > ()> >::type>::__type> std::make_pair<std::__cxx11::basic_string<char, std::char_traits<char>, std::allocator<char> >&, std::function<std::unique_ptr<mediapipe::internal::CalculatorBaseFactory, std::default_delete<mediapipe::internal::CalculatorBaseFactory> > ()> >(std::__cxx11::basic_string<char, std::char_traits<char>, std::allocator<char> >&, std::function<std::unique_ptr<mediapipe::internal::CalculatorBaseFactory, std::default_delete<mediapipe::internal::CalculatorBaseFactory> > ()>&&) (stl_pair.h:746)
==72637==    by 0x6223D5F: mediapipe::FunctionRegistry<std::unique_ptr<mediapipe::internal::CalculatorBaseFactory, std::default_delete<mediapipe::internal::CalculatorBaseFactory> >>::Register(std::basic_string_view<char, std::char_traits<char> >, std::function<std::unique_ptr<mediapipe::internal::CalculatorBaseFactory, std::default_delete<mediapipe::internal::CalculatorBaseFactory> > ()>) (registration.h:190)
==72637==    by 0x622288F: mediapipe::GlobalFactoryRegistry<std::unique_ptr<mediapipe::internal::CalculatorBaseFactory, std::default_delete<mediapipe::internal::CalculatorBaseFactory> >>::Register(std::basic_string_view<char, std::char_traits<char> >, std::function<std::unique_ptr<mediapipe::internal::CalculatorBaseFactory, std::default_delete<mediapipe::internal::CalculatorBaseFactory> > ()>) (registration.h:355)
==72637==    by 0x65813CB: __static_initialization_and_destruction_0(int, int) (split_vector_calculator.cc:88)
==72637==    by 0x6581A17: _GLOBAL__sub_I_split_vector_calculator.cc (split_vector_calculator.cc:105)
==72637==    by 0x4004447: call_init (dl-init.c:74)
==72637==    by 0x4004447: call_init (dl-init.c:26)
==72637==    by 0x4004553: _dl_init (dl-init.c:121)
==72637==    by 0x401AD37: (below main) (dl-start.S:46)
==72637== 
==72637== 29 bytes in 1 blocks are possibly lost in loss record 340 of 1,423
==72637==    at 0x4885828: operator new(unsigned long) (vg_replace_malloc.c:422)
==72637==    by 0x67FE63: void std::__cxx11::basic_string<char, std::char_traits<char>, std::allocator<char> >::_M_construct<char*>(char*, char*, std::forward_iterator_tag) (basic_string.tcc:225)
==72637==    by 0x6226357: std::pair<std::__cxx11::basic_string<char, std::char_traits<char>, std::allocator<char> >, std::function<std::unique_ptr<mediapipe::internal::CalculatorBaseFactory, std::default_delete<mediapipe::internal::CalculatorBaseFactory> > ()> >::pair<std::__cxx11::basic_string<char, std::char_traits<char>, std::allocator<char> >&, std::function<std::unique_ptr<mediapipe::internal::CalculatorBaseFactory, std::default_delete<mediapipe::internal::CalculatorBaseFactory> > ()>, true>(std::__cxx11::basic_string<char, std::char_traits<char>, std::allocator<char> >&, std::function<std::unique_ptr<mediapipe::internal::CalculatorBaseFactory, std::default_delete<mediapipe::internal::CalculatorBaseFactory> > ()>&&) (stl_pair.h:535)
==72637==    by 0x622544B: std::pair<std::__strip_reference_wrapper<std::decay<std::__cxx11::basic_string<char, std::char_traits<char>, std::allocator<char> >&>::type>::__type, std::__strip_reference_wrapper<std::decay<std::function<std::unique_ptr<mediapipe::internal::CalculatorBaseFactory, std::default_delete<mediapipe::internal::CalculatorBaseFactory> > ()> >::type>::__type> std::make_pair<std::__cxx11::basic_string<char, std::char_traits<char>, std::allocator<char> >&, std::function<std::unique_ptr<mediapipe::internal::CalculatorBaseFactory, std::default_delete<mediapipe::internal::CalculatorBaseFactory> > ()> >(std::__cxx11::basic_string<char, std::char_traits<char>, std::allocator<char> >&, std::function<std::unique_ptr<mediapipe::internal::CalculatorBaseFactory, std::default_delete<mediapipe::internal::CalculatorBaseFactory> > ()>&&) (stl_pair.h:746)
==72637==    by 0x6223D5F: mediapipe::FunctionRegistry<std::unique_ptr<mediapipe::internal::CalculatorBaseFactory, std::default_delete<mediapipe::internal::CalculatorBaseFactory> >>::Register(std::basic_string_view<char, std::char_traits<char> >, std::function<std::unique_ptr<mediapipe::internal::CalculatorBaseFactory, std::default_delete<mediapipe::internal::CalculatorBaseFactory> > ()>) (registration.h:190)
==72637==    by 0x622288F: mediapipe::GlobalFactoryRegistry<std::unique_ptr<mediapipe::internal::CalculatorBaseFactory, std::default_delete<mediapipe::internal::CalculatorBaseFactory> >>::Register(std::basic_string_view<char, std::char_traits<char> >, std::function<std::unique_ptr<mediapipe::internal::CalculatorBaseFactory, std::default_delete<mediapipe::internal::CalculatorBaseFactory> > ()>) (registration.h:355)
==72637==    by 0x6C90773: __static_initialization_and_destruction_0(int, int) (labels_to_render_data_calculator.cc:81)
==72637==    by 0x6C908C7: _GLOBAL__sub_I_labels_to_render_data_calculator.cc (labels_to_render_data_calculator.cc:207)
==72637==    by 0x4004447: call_init (dl-init.c:74)
==72637==    by 0x4004447: call_init (dl-init.c:26)
==72637==    by 0x4004553: _dl_init (dl-init.c:121)
==72637==    by 0x401AD37: (below main) (dl-start.S:46)
==72637== 
==72637== 29 bytes in 1 blocks are possibly lost in loss record 341 of 1,423
==72637==    at 0x4885828: operator new(unsigned long) (vg_replace_malloc.c:422)
==72637==    by 0x67FE63: void std::__cxx11::basic_string<char, std::char_traits<char>, std::allocator<char> >::_M_construct<char*>(char*, char*, std::forward_iterator_tag) (basic_string.tcc:225)
==72637==    by 0x6226357: std::pair<std::__cxx11::basic_string<char, std::char_traits<char>, std::allocator<char> >, std::function<std::unique_ptr<mediapipe::internal::CalculatorBaseFactory, std::default_delete<mediapipe::internal::CalculatorBaseFactory> > ()> >::pair<std::__cxx11::basic_string<char, std::char_traits<char>, std::allocator<char> >&, std::function<std::unique_ptr<mediapipe::internal::CalculatorBaseFactory, std::default_delete<mediapipe::internal::CalculatorBaseFactory> > ()>, true>(std::__cxx11::basic_string<char, std::char_traits<char>, std::allocator<char> >&, std::function<std::unique_ptr<mediapipe::internal::CalculatorBaseFactory, std::default_delete<mediapipe::internal::CalculatorBaseFactory> > ()>&&) (stl_pair.h:535)
==72637==    by 0x622544B: std::pair<std::__strip_reference_wrapper<std::decay<std::__cxx11::basic_string<char, std::char_traits<char>, std::allocator<char> >&>::type>::__type, std::__strip_reference_wrapper<std::decay<std::function<std::unique_ptr<mediapipe::internal::CalculatorBaseFactory, std::default_delete<mediapipe::internal::CalculatorBaseFactory> > ()> >::type>::__type> std::make_pair<std::__cxx11::basic_string<char, std::char_traits<char>, std::allocator<char> >&, std::function<std::unique_ptr<mediapipe::internal::CalculatorBaseFactory, std::default_delete<mediapipe::internal::CalculatorBaseFactory> > ()> >(std::__cxx11::basic_string<char, std::char_traits<char>, std::allocator<char> >&, std::function<std::unique_ptr<mediapipe::internal::CalculatorBaseFactory, std::default_delete<mediapipe::internal::CalculatorBaseFactory> > ()>&&) (stl_pair.h:746)
==72637==    by 0x6223D5F: mediapipe::FunctionRegistry<std::unique_ptr<mediapipe::internal::CalculatorBaseFactory, std::default_delete<mediapipe::internal::CalculatorBaseFactory> >>::Register(std::basic_string_view<char, std::char_traits<char> >, std::function<std::unique_ptr<mediapipe::internal::CalculatorBaseFactory, std::default_delete<mediapipe::internal::CalculatorBaseFactory> > ()>) (registration.h:190)
==72637==    by 0x622288F: mediapipe::GlobalFactoryRegistry<std::unique_ptr<mediapipe::internal::CalculatorBaseFactory, std::default_delete<mediapipe::internal::CalculatorBaseFactory> >>::Register(std::basic_string_view<char, std::char_traits<char> >, std::function<std::unique_ptr<mediapipe::internal::CalculatorBaseFactory, std::default_delete<mediapipe::internal::CalculatorBaseFactory> > ()>) (registration.h:355)
==72637==    by 0x6CB814F: __static_initialization_and_destruction_0(int, int) (sink.cc:393)
==72637==    by 0x6CB8227: _GLOBAL__sub_I_sink.cc (sink.cc:396)
==72637==    by 0x4004447: call_init (dl-init.c:74)
==72637==    by 0x4004447: call_init (dl-init.c:26)
==72637==    by 0x4004553: _dl_init (dl-init.c:121)
==72637==    by 0x401AD37: (below main) (dl-start.S:46)
==72637== 
==72637== 30 bytes in 1 blocks are possibly lost in loss record 350 of 1,423
==72637==    at 0x4885828: operator new(unsigned long) (vg_replace_malloc.c:422)
==72637==    by 0x67FE63: void std::__cxx11::basic_string<char, std::char_traits<char>, std::allocator<char> >::_M_construct<char*>(char*, char*, std::forward_iterator_tag) (basic_string.tcc:225)
==72637==    by 0x6226357: std::pair<std::__cxx11::basic_string<char, std::char_traits<char>, std::allocator<char> >, std::function<std::unique_ptr<mediapipe::internal::CalculatorBaseFactory, std::default_delete<mediapipe::internal::CalculatorBaseFactory> > ()> >::pair<std::__cxx11::basic_string<char, std::char_traits<char>, std::allocator<char> >&, std::function<std::unique_ptr<mediapipe::internal::CalculatorBaseFactory, std::default_delete<mediapipe::internal::CalculatorBaseFactory> > ()>, true>(std::__cxx11::basic_string<char, std::char_traits<char>, std::allocator<char> >&, std::function<std::unique_ptr<mediapipe::internal::CalculatorBaseFactory, std::default_delete<mediapipe::internal::CalculatorBaseFactory> > ()>&&) (stl_pair.h:535)
==72637==    by 0x622544B: std::pair<std::__strip_reference_wrapper<std::decay<std::__cxx11::basic_string<char, std::char_traits<char>, std::allocator<char> >&>::type>::__type, std::__strip_reference_wrapper<std::decay<std::function<std::unique_ptr<mediapipe::internal::CalculatorBaseFactory, std::default_delete<mediapipe::internal::CalculatorBaseFactory> > ()> >::type>::__type> std::make_pair<std::__cxx11::basic_string<char, std::char_traits<char>, std::allocator<char> >&, std::function<std::unique_ptr<mediapipe::internal::CalculatorBaseFactory, std::default_delete<mediapipe::internal::CalculatorBaseFactory> > ()> >(std::__cxx11::basic_string<char, std::char_traits<char>, std::allocator<char> >&, std::function<std::unique_ptr<mediapipe::internal::CalculatorBaseFactory, std::default_delete<mediapipe::internal::CalculatorBaseFactory> > ()>&&) (stl_pair.h:746)
==72637==    by 0x6223D5F: mediapipe::FunctionRegistry<std::unique_ptr<mediapipe::internal::CalculatorBaseFactory, std::default_delete<mediapipe::internal::CalculatorBaseFactory> >>::Register(std::basic_string_view<char, std::char_traits<char> >, std::function<std::unique_ptr<mediapipe::internal::CalculatorBaseFactory, std::default_delete<mediapipe::internal::CalculatorBaseFactory> > ()>) (registration.h:190)
==72637==    by 0x622288F: mediapipe::GlobalFactoryRegistry<std::unique_ptr<mediapipe::internal::CalculatorBaseFactory, std::default_delete<mediapipe::internal::CalculatorBaseFactory> >>::Register(std::basic_string_view<char, std::char_traits<char> >, std::function<std::unique_ptr<mediapipe::internal::CalculatorBaseFactory, std::default_delete<mediapipe::internal::CalculatorBaseFactory> > ()>) (registration.h:355)
==72637==    by 0x65548E3: __static_initialization_and_destruction_0(int, int) (end_loop_calculator.cc:63)
==72637==    by 0x655517B: _GLOBAL__sub_I_end_loop_calculator.cc (end_loop_calculator.cc:93)
==72637==    by 0x4004447: call_init (dl-init.c:74)
==72637==    by 0x4004447: call_init (dl-init.c:26)
==72637==    by 0x4004553: _dl_init (dl-init.c:121)
==72637==    by 0x401AD37: (below main) (dl-start.S:46)
==72637== 
==72637== 30 bytes in 1 blocks are possibly lost in loss record 351 of 1,423
==72637==    at 0x4885828: operator new(unsigned long) (vg_replace_malloc.c:422)
==72637==    by 0x67FE63: void std::__cxx11::basic_string<char, std::char_traits<char>, std::allocator<char> >::_M_construct<char*>(char*, char*, std::forward_iterator_tag) (basic_string.tcc:225)
==72637==    by 0x6226357: std::pair<std::__cxx11::basic_string<char, std::char_traits<char>, std::allocator<char> >, std::function<std::unique_ptr<mediapipe::internal::CalculatorBaseFactory, std::default_delete<mediapipe::internal::CalculatorBaseFactory> > ()> >::pair<std::__cxx11::basic_string<char, std::char_traits<char>, std::allocator<char> >&, std::function<std::unique_ptr<mediapipe::internal::CalculatorBaseFactory, std::default_delete<mediapipe::internal::CalculatorBaseFactory> > ()>, true>(std::__cxx11::basic_string<char, std::char_traits<char>, std::allocator<char> >&, std::function<std::unique_ptr<mediapipe::internal::CalculatorBaseFactory, std::default_delete<mediapipe::internal::CalculatorBaseFactory> > ()>&&) (stl_pair.h:535)
==72637==    by 0x622544B: std::pair<std::__strip_reference_wrapper<std::decay<std::__cxx11::basic_string<char, std::char_traits<char>, std::allocator<char> >&>::type>::__type, std::__strip_reference_wrapper<std::decay<std::function<std::unique_ptr<mediapipe::internal::CalculatorBaseFactory, std::default_delete<mediapipe::internal::CalculatorBaseFactory> > ()> >::type>::__type> std::make_pair<std::__cxx11::basic_string<char, std::char_traits<char>, std::allocator<char> >&, std::function<std::unique_ptr<mediapipe::internal::CalculatorBaseFactory, std::default_delete<mediapipe::internal::CalculatorBaseFactory> > ()> >(std::__cxx11::basic_string<char, std::char_traits<char>, std::allocator<char> >&, std::function<std::unique_ptr<mediapipe::internal::CalculatorBaseFactory, std::default_delete<mediapipe::internal::CalculatorBaseFactory> > ()>&&) (stl_pair.h:746)
==72637==    by 0x6223D5F: mediapipe::FunctionRegistry<std::unique_ptr<mediapipe::internal::CalculatorBaseFactory, std::default_delete<mediapipe::internal::CalculatorBaseFactory> >>::Register(std::basic_string_view<char, std::char_traits<char> >, std::function<std::unique_ptr<mediapipe::internal::CalculatorBaseFactory, std::default_delete<mediapipe::internal::CalculatorBaseFactory> > ()>) (registration.h:190)
==72637==    by 0x622288F: mediapipe::GlobalFactoryRegistry<std::unique_ptr<mediapipe::internal::CalculatorBaseFactory, std::default_delete<mediapipe::internal::CalculatorBaseFactory> >>::Register(std::basic_string_view<char, std::char_traits<char> >, std::function<std::unique_ptr<mediapipe::internal::CalculatorBaseFactory, std::default_delete<mediapipe::internal::CalculatorBaseFactory> > ()>) (registration.h:355)
==72637==    by 0x6554B67: __static_initialization_and_destruction_0(int, int) (end_loop_calculator.cc:87)
==72637==    by 0x655517B: _GLOBAL__sub_I_end_loop_calculator.cc (end_loop_calculator.cc:93)
==72637==    by 0x4004447: call_init (dl-init.c:74)
==72637==    by 0x4004447: call_init (dl-init.c:26)
==72637==    by 0x4004553: _dl_init (dl-init.c:121)
==72637==    by 0x401AD37: (below main) (dl-start.S:46)
==72637== 
==72637== 30 bytes in 1 blocks are possibly lost in loss record 352 of 1,423
==72637==    at 0x4885828: operator new(unsigned long) (vg_replace_malloc.c:422)
==72637==    by 0x67FE63: void std::__cxx11::basic_string<char, std::char_traits<char>, std::allocator<char> >::_M_construct<char*>(char*, char*, std::forward_iterator_tag) (basic_string.tcc:225)
==72637==    by 0x6226357: std::pair<std::__cxx11::basic_string<char, std::char_traits<char>, std::allocator<char> >, std::function<std::unique_ptr<mediapipe::internal::CalculatorBaseFactory, std::default_delete<mediapipe::internal::CalculatorBaseFactory> > ()> >::pair<std::__cxx11::basic_string<char, std::char_traits<char>, std::allocator<char> >&, std::function<std::unique_ptr<mediapipe::internal::CalculatorBaseFactory, std::default_delete<mediapipe::internal::CalculatorBaseFactory> > ()>, true>(std::__cxx11::basic_string<char, std::char_traits<char>, std::allocator<char> >&, std::function<std::unique_ptr<mediapipe::internal::CalculatorBaseFactory, std::default_delete<mediapipe::internal::CalculatorBaseFactory> > ()>&&) (stl_pair.h:535)
==72637==    by 0x622544B: std::pair<std::__strip_reference_wrapper<std::decay<std::__cxx11::basic_string<char, std::char_traits<char>, std::allocator<char> >&>::type>::__type, std::__strip_reference_wrapper<std::decay<std::function<std::unique_ptr<mediapipe::internal::CalculatorBaseFactory, std::default_delete<mediapipe::internal::CalculatorBaseFactory> > ()> >::type>::__type> std::make_pair<std::__cxx11::basic_string<char, std::char_traits<char>, std::allocator<char> >&, std::function<std::unique_ptr<mediapipe::internal::CalculatorBaseFactory, std::default_delete<mediapipe::internal::CalculatorBaseFactory> > ()> >(std::__cxx11::basic_string<char, std::char_traits<char>, std::allocator<char> >&, std::function<std::unique_ptr<mediapipe::internal::CalculatorBaseFactory, std::default_delete<mediapipe::internal::CalculatorBaseFactory> > ()>&&) (stl_pair.h:746)
==72637==    by 0x6223D5F: mediapipe::FunctionRegistry<std::unique_ptr<mediapipe::internal::CalculatorBaseFactory, std::default_delete<mediapipe::internal::CalculatorBaseFactory> >>::Register(std::basic_string_view<char, std::char_traits<char> >, std::function<std::unique_ptr<mediapipe::internal::CalculatorBaseFactory, std::default_delete<mediapipe::internal::CalculatorBaseFactory> > ()>) (registration.h:190)
==72637==    by 0x622288F: mediapipe::GlobalFactoryRegistry<std::unique_ptr<mediapipe::internal::CalculatorBaseFactory, std::default_delete<mediapipe::internal::CalculatorBaseFactory> >>::Register(std::basic_string_view<char, std::char_traits<char> >, std::function<std::unique_ptr<mediapipe::internal::CalculatorBaseFactory, std::default_delete<mediapipe::internal::CalculatorBaseFactory> > ()>) (registration.h:355)
==72637==    by 0x65811A3: __static_initialization_and_destruction_0(int, int) (split_vector_calculator.cc:60)
==72637==    by 0x6581A17: _GLOBAL__sub_I_split_vector_calculator.cc (split_vector_calculator.cc:105)
==72637==    by 0x4004447: call_init (dl-init.c:74)
==72637==    by 0x4004447: call_init (dl-init.c:26)
==72637==    by 0x4004553: _dl_init (dl-init.c:121)
==72637==    by 0x401AD37: (below main) (dl-start.S:46)
==72637== 
==72637== 31 bytes in 1 blocks are possibly lost in loss record 358 of 1,423
==72637==    at 0x4885828: operator new(unsigned long) (vg_replace_malloc.c:422)
==72637==    by 0x67FE63: void std::__cxx11::basic_string<char, std::char_traits<char>, std::allocator<char> >::_M_construct<char*>(char*, char*, std::forward_iterator_tag) (basic_string.tcc:225)
==72637==    by 0x6226357: std::pair<std::__cxx11::basic_string<char, std::char_traits<char>, std::allocator<char> >, std::function<std::unique_ptr<mediapipe::internal::CalculatorBaseFactory, std::default_delete<mediapipe::internal::CalculatorBaseFactory> > ()> >::pair<std::__cxx11::basic_string<char, std::char_traits<char>, std::allocator<char> >&, std::function<std::unique_ptr<mediapipe::internal::CalculatorBaseFactory, std::default_delete<mediapipe::internal::CalculatorBaseFactory> > ()>, true>(std::__cxx11::basic_string<char, std::char_traits<char>, std::allocator<char> >&, std::function<std::unique_ptr<mediapipe::internal::CalculatorBaseFactory, std::default_delete<mediapipe::internal::CalculatorBaseFactory> > ()>&&) (stl_pair.h:535)
==72637==    by 0x622544B: std::pair<std::__strip_reference_wrapper<std::decay<std::__cxx11::basic_string<char, std::char_traits<char>, std::allocator<char> >&>::type>::__type, std::__strip_reference_wrapper<std::decay<std::function<std::unique_ptr<mediapipe::internal::CalculatorBaseFactory, std::default_delete<mediapipe::internal::CalculatorBaseFactory> > ()> >::type>::__type> std::make_pair<std::__cxx11::basic_string<char, std::char_traits<char>, std::allocator<char> >&, std::function<std::unique_ptr<mediapipe::internal::CalculatorBaseFactory, std::default_delete<mediapipe::internal::CalculatorBaseFactory> > ()> >(std::__cxx11::basic_string<char, std::char_traits<char>, std::allocator<char> >&, std::function<std::unique_ptr<mediapipe::internal::CalculatorBaseFactory, std::default_delete<mediapipe::internal::CalculatorBaseFactory> > ()>&&) (stl_pair.h:746)
==72637==    by 0x6223D5F: mediapipe::FunctionRegistry<std::unique_ptr<mediapipe::internal::CalculatorBaseFactory, std::default_delete<mediapipe::internal::CalculatorBaseFactory> >>::Register(std::basic_string_view<char, std::char_traits<char> >, std::function<std::unique_ptr<mediapipe::internal::CalculatorBaseFactory, std::default_delete<mediapipe::internal::CalculatorBaseFactory> > ()>) (registration.h:190)
==72637==    by 0x622288F: mediapipe::GlobalFactoryRegistry<std::unique_ptr<mediapipe::internal::CalculatorBaseFactory, std::default_delete<mediapipe::internal::CalculatorBaseFactory> >>::Register(std::basic_string_view<char, std::char_traits<char> >, std::function<std::unique_ptr<mediapipe::internal::CalculatorBaseFactory, std::default_delete<mediapipe::internal::CalculatorBaseFactory> > ()>) (registration.h:355)
==72637==    by 0x6581313: __static_initialization_and_destruction_0(int, int) (split_vector_calculator.cc:81)
==72637==    by 0x6581A17: _GLOBAL__sub_I_split_vector_calculator.cc (split_vector_calculator.cc:105)
==72637==    by 0x4004447: call_init (dl-init.c:74)
==72637==    by 0x4004447: call_init (dl-init.c:26)
==72637==    by 0x4004553: _dl_init (dl-init.c:121)
==72637==    by 0x401AD37: (below main) (dl-start.S:46)
==72637== 
==72637== 32 bytes in 1 blocks are possibly lost in loss record 508 of 1,423
==72637==    at 0x4885828: operator new(unsigned long) (vg_replace_malloc.c:422)
==72637==    by 0x67FE63: void std::__cxx11::basic_string<char, std::char_traits<char>, std::allocator<char> >::_M_construct<char*>(char*, char*, std::forward_iterator_tag) (basic_string.tcc:225)
==72637==    by 0x6226357: std::pair<std::__cxx11::basic_string<char, std::char_traits<char>, std::allocator<char> >, std::function<std::unique_ptr<mediapipe::internal::CalculatorBaseFactory, std::default_delete<mediapipe::internal::CalculatorBaseFactory> > ()> >::pair<std::__cxx11::basic_string<char, std::char_traits<char>, std::allocator<char> >&, std::function<std::unique_ptr<mediapipe::internal::CalculatorBaseFactory, std::default_delete<mediapipe::internal::CalculatorBaseFactory> > ()>, true>(std::__cxx11::basic_string<char, std::char_traits<char>, std::allocator<char> >&, std::function<std::unique_ptr<mediapipe::internal::CalculatorBaseFactory, std::default_delete<mediapipe::internal::CalculatorBaseFactory> > ()>&&) (stl_pair.h:535)
==72637==    by 0x622544B: std::pair<std::__strip_reference_wrapper<std::decay<std::__cxx11::basic_string<char, std::char_traits<char>, std::allocator<char> >&>::type>::__type, std::__strip_reference_wrapper<std::decay<std::function<std::unique_ptr<mediapipe::internal::CalculatorBaseFactory, std::default_delete<mediapipe::internal::CalculatorBaseFactory> > ()> >::type>::__type> std::make_pair<std::__cxx11::basic_string<char, std::char_traits<char>, std::allocator<char> >&, std::function<std::unique_ptr<mediapipe::internal::CalculatorBaseFactory, std::default_delete<mediapipe::internal::CalculatorBaseFactory> > ()> >(std::__cxx11::basic_string<char, std::char_traits<char>, std::allocator<char> >&, std::function<std::unique_ptr<mediapipe::internal::CalculatorBaseFactory, std::default_delete<mediapipe::internal::CalculatorBaseFactory> > ()>&&) (stl_pair.h:746)
==72637==    by 0x6223D5F: mediapipe::FunctionRegistry<std::unique_ptr<mediapipe::internal::CalculatorBaseFactory, std::default_delete<mediapipe::internal::CalculatorBaseFactory> >>::Register(std::basic_string_view<char, std::char_traits<char> >, std::function<std::unique_ptr<mediapipe::internal::CalculatorBaseFactory, std::default_delete<mediapipe::internal::CalculatorBaseFactory> > ()>) (registration.h:190)
==72637==    by 0x622288F: mediapipe::GlobalFactoryRegistry<std::unique_ptr<mediapipe::internal::CalculatorBaseFactory, std::default_delete<mediapipe::internal::CalculatorBaseFactory> >>::Register(std::basic_string_view<char, std::char_traits<char> >, std::function<std::unique_ptr<mediapipe::internal::CalculatorBaseFactory, std::default_delete<mediapipe::internal::CalculatorBaseFactory> > ()>) (registration.h:355)
==72637==    by 0x6C9C18B: __static_initialization_and_destruction_0(int, int) (landmarks_to_render_data_calculator.cc:407)
==72637==    by 0x6C9C343: _GLOBAL__sub_I_landmarks_to_render_data_calculator.cc (landmarks_to_render_data_calculator.cc:408)
==72637==    by 0x4004447: call_init (dl-init.c:74)
==72637==    by 0x4004447: call_init (dl-init.c:26)
==72637==    by 0x4004553: _dl_init (dl-init.c:121)
==72637==    by 0x401AD37: (below main) (dl-start.S:46)
==72637== 
==72637== 33 bytes in 1 blocks are possibly lost in loss record 514 of 1,423
==72637==    at 0x4885828: operator new(unsigned long) (vg_replace_malloc.c:422)
==72637==    by 0x67FE63: void std::__cxx11::basic_string<char, std::char_traits<char>, std::allocator<char> >::_M_construct<char*>(char*, char*, std::forward_iterator_tag) (basic_string.tcc:225)
==72637==    by 0x6226357: std::pair<std::__cxx11::basic_string<char, std::char_traits<char>, std::allocator<char> >, std::function<std::unique_ptr<mediapipe::internal::CalculatorBaseFactory, std::default_delete<mediapipe::internal::CalculatorBaseFactory> > ()> >::pair<std::__cxx11::basic_string<char, std::char_traits<char>, std::allocator<char> >&, std::function<std::unique_ptr<mediapipe::internal::CalculatorBaseFactory, std::default_delete<mediapipe::internal::CalculatorBaseFactory> > ()>, true>(std::__cxx11::basic_string<char, std::char_traits<char>, std::allocator<char> >&, std::function<std::unique_ptr<mediapipe::internal::CalculatorBaseFactory, std::default_delete<mediapipe::internal::CalculatorBaseFactory> > ()>&&) (stl_pair.h:535)
==72637==    by 0x622544B: std::pair<std::__strip_reference_wrapper<std::decay<std::__cxx11::basic_string<char, std::char_traits<char>, std::allocator<char> >&>::type>::__type, std::__strip_reference_wrapper<std::decay<std::function<std::unique_ptr<mediapipe::internal::CalculatorBaseFactory, std::default_delete<mediapipe::internal::CalculatorBaseFactory> > ()> >::type>::__type> std::make_pair<std::__cxx11::basic_string<char, std::char_traits<char>, std::allocator<char> >&, std::function<std::unique_ptr<mediapipe::internal::CalculatorBaseFactory, std::default_delete<mediapipe::internal::CalculatorBaseFactory> > ()> >(std::__cxx11::basic_string<char, std::char_traits<char>, std::allocator<char> >&, std::function<std::unique_ptr<mediapipe::internal::CalculatorBaseFactory, std::default_delete<mediapipe::internal::CalculatorBaseFactory> > ()>&&) (stl_pair.h:746)
==72637==    by 0x6223D5F: mediapipe::FunctionRegistry<std::unique_ptr<mediapipe::internal::CalculatorBaseFactory, std::default_delete<mediapipe::internal::CalculatorBaseFactory> >>::Register(std::basic_string_view<char, std::char_traits<char> >, std::function<std::unique_ptr<mediapipe::internal::CalculatorBaseFactory, std::default_delete<mediapipe::internal::CalculatorBaseFactory> > ()>) (registration.h:190)
==72637==    by 0x622288F: mediapipe::GlobalFactoryRegistry<std::unique_ptr<mediapipe::internal::CalculatorBaseFactory, std::default_delete<mediapipe::internal::CalculatorBaseFactory> >>::Register(std::basic_string_view<char, std::char_traits<char> >, std::function<std::unique_ptr<mediapipe::internal::CalculatorBaseFactory, std::default_delete<mediapipe::internal::CalculatorBaseFactory> > ()>) (registration.h:355)
==72637==    by 0x6C822C3: __static_initialization_and_destruction_0(int, int) (detections_to_render_data_calculator.cc:124)
==72637==    by 0x6C8247B: _GLOBAL__sub_I_detections_to_render_data_calculator.cc (detections_to_render_data_calculator.cc:387)
==72637==    by 0x4004447: call_init (dl-init.c:74)
==72637==    by 0x4004447: call_init (dl-init.c:26)
==72637==    by 0x4004553: _dl_init (dl-init.c:121)
==72637==    by 0x401AD37: (below main) (dl-start.S:46)
==72637== 
==72637== 33 bytes in 1 blocks are possibly lost in loss record 515 of 1,423
==72637==    at 0x4885828: operator new(unsigned long) (vg_replace_malloc.c:422)
==72637==    by 0x67FE63: void std::__cxx11::basic_string<char, std::char_traits<char>, std::allocator<char> >::_M_construct<char*>(char*, char*, std::forward_iterator_tag) (basic_string.tcc:225)
==72637==    by 0x6226357: std::pair<std::__cxx11::basic_string<char, std::char_traits<char>, std::allocator<char> >, std::function<std::unique_ptr<mediapipe::internal::CalculatorBaseFactory, std::default_delete<mediapipe::internal::CalculatorBaseFactory> > ()> >::pair<std::__cxx11::basic_string<char, std::char_traits<char>, std::allocator<char> >&, std::function<std::unique_ptr<mediapipe::internal::CalculatorBaseFactory, std::default_delete<mediapipe::internal::CalculatorBaseFactory> > ()>, true>(std::__cxx11::basic_string<char, std::char_traits<char>, std::allocator<char> >&, std::function<std::unique_ptr<mediapipe::internal::CalculatorBaseFactory, std::default_delete<mediapipe::internal::CalculatorBaseFactory> > ()>&&) (stl_pair.h:535)
==72637==    by 0x622544B: std::pair<std::__strip_reference_wrapper<std::decay<std::__cxx11::basic_string<char, std::char_traits<char>, std::allocator<char> >&>::type>::__type, std::__strip_reference_wrapper<std::decay<std::function<std::unique_ptr<mediapipe::internal::CalculatorBaseFactory, std::default_delete<mediapipe::internal::CalculatorBaseFactory> > ()> >::type>::__type> std::make_pair<std::__cxx11::basic_string<char, std::char_traits<char>, std::allocator<char> >&, std::function<std::unique_ptr<mediapipe::internal::CalculatorBaseFactory, std::default_delete<mediapipe::internal::CalculatorBaseFactory> > ()> >(std::__cxx11::basic_string<char, std::char_traits<char>, std::allocator<char> >&, std::function<std::unique_ptr<mediapipe::internal::CalculatorBaseFactory, std::default_delete<mediapipe::internal::CalculatorBaseFactory> > ()>&&) (stl_pair.h:746)
==72637==    by 0x6223D5F: mediapipe::FunctionRegistry<std::unique_ptr<mediapipe::internal::CalculatorBaseFactory, std::default_delete<mediapipe::internal::CalculatorBaseFactory> >>::Register(std::basic_string_view<char, std::char_traits<char> >, std::function<std::unique_ptr<mediapipe::internal::CalculatorBaseFactory, std::default_delete<mediapipe::internal::CalculatorBaseFactory> > ()>) (registration.h:190)
==72637==    by 0x622288F: mediapipe::GlobalFactoryRegistry<std::unique_ptr<mediapipe::internal::CalculatorBaseFactory, std::default_delete<mediapipe::internal::CalculatorBaseFactory> >>::Register(std::basic_string_view<char, std::char_traits<char> >, std::function<std::unique_ptr<mediapipe::internal::CalculatorBaseFactory, std::default_delete<mediapipe::internal::CalculatorBaseFactory> > ()>) (registration.h:355)
==72637==    by 0x6D1D0F7: __static_initialization_and_destruction_0(int, int) (packet_generator_wrapper_calculator.cc:53)
==72637==    by 0x6D1D17F: _GLOBAL__sub_I_packet_generator_wrapper_calculator.cc (packet_generator_wrapper_calculator.cc:55)
==72637==    by 0x4004447: call_init (dl-init.c:74)
==72637==    by 0x4004447: call_init (dl-init.c:26)
==72637==    by 0x4004553: _dl_init (dl-init.c:121)
==72637==    by 0x401AD37: (below main) (dl-start.S:46)
==72637== 
==72637== 34 bytes in 1 blocks are possibly lost in loss record 523 of 1,423
==72637==    at 0x4885828: operator new(unsigned long) (vg_replace_malloc.c:422)
==72637==    by 0x67FE63: void std::__cxx11::basic_string<char, std::char_traits<char>, std::allocator<char> >::_M_construct<char*>(char*, char*, std::forward_iterator_tag) (basic_string.tcc:225)
==72637==    by 0x6226357: std::pair<std::__cxx11::basic_string<char, std::char_traits<char>, std::allocator<char> >, std::function<std::unique_ptr<mediapipe::internal::CalculatorBaseFactory, std::default_delete<mediapipe::internal::CalculatorBaseFactory> > ()> >::pair<std::__cxx11::basic_string<char, std::char_traits<char>, std::allocator<char> >&, std::function<std::unique_ptr<mediapipe::internal::CalculatorBaseFactory, std::default_delete<mediapipe::internal::CalculatorBaseFactory> > ()>, true>(std::__cxx11::basic_string<char, std::char_traits<char>, std::allocator<char> >&, std::function<std::unique_ptr<mediapipe::internal::CalculatorBaseFactory, std::default_delete<mediapipe::internal::CalculatorBaseFactory> > ()>&&) (stl_pair.h:535)
==72637==    by 0x622544B: std::pair<std::__strip_reference_wrapper<std::decay<std::__cxx11::basic_string<char, std::char_traits<char>, std::allocator<char> >&>::type>::__type, std::__strip_reference_wrapper<std::decay<std::function<std::unique_ptr<mediapipe::internal::CalculatorBaseFactory, std::default_delete<mediapipe::internal::CalculatorBaseFactory> > ()> >::type>::__type> std::make_pair<std::__cxx11::basic_string<char, std::char_traits<char>, std::allocator<char> >&, std::function<std::unique_ptr<mediapipe::internal::CalculatorBaseFactory, std::default_delete<mediapipe::internal::CalculatorBaseFactory> > ()> >(std::__cxx11::basic_string<char, std::char_traits<char>, std::allocator<char> >&, std::function<std::unique_ptr<mediapipe::internal::CalculatorBaseFactory, std::default_delete<mediapipe::internal::CalculatorBaseFactory> > ()>&&) (stl_pair.h:746)
==72637==    by 0x6223D5F: mediapipe::FunctionRegistry<std::unique_ptr<mediapipe::internal::CalculatorBaseFactory, std::default_delete<mediapipe::internal::CalculatorBaseFactory> >>::Register(std::basic_string_view<char, std::char_traits<char> >, std::function<std::unique_ptr<mediapipe::internal::CalculatorBaseFactory, std::default_delete<mediapipe::internal::CalculatorBaseFactory> > ()>) (registration.h:190)
==72637==    by 0x622288F: mediapipe::GlobalFactoryRegistry<std::unique_ptr<mediapipe::internal::CalculatorBaseFactory, std::default_delete<mediapipe::internal::CalculatorBaseFactory> >>::Register(std::basic_string_view<char, std::char_traits<char> >, std::function<std::unique_ptr<mediapipe::internal::CalculatorBaseFactory, std::default_delete<mediapipe::internal::CalculatorBaseFactory> > ()>) (registration.h:355)
==72637==    by 0x65810EB: __static_initialization_and_destruction_0(int, int) (split_vector_calculator.cc:53)
==72637==    by 0x6581A17: _GLOBAL__sub_I_split_vector_calculator.cc (split_vector_calculator.cc:105)
==72637==    by 0x4004447: call_init (dl-init.c:74)
==72637==    by 0x4004447: call_init (dl-init.c:26)
==72637==    by 0x4004553: _dl_init (dl-init.c:121)
==72637==    by 0x401AD37: (below main) (dl-start.S:46)
==72637== 
==72637== 34 bytes in 1 blocks are possibly lost in loss record 524 of 1,423
==72637==    at 0x4885828: operator new(unsigned long) (vg_replace_malloc.c:422)
==72637==    by 0x67FE63: void std::__cxx11::basic_string<char, std::char_traits<char>, std::allocator<char> >::_M_construct<char*>(char*, char*, std::forward_iterator_tag) (basic_string.tcc:225)
==72637==    by 0x6226357: std::pair<std::__cxx11::basic_string<char, std::char_traits<char>, std::allocator<char> >, std::function<std::unique_ptr<mediapipe::internal::CalculatorBaseFactory, std::default_delete<mediapipe::internal::CalculatorBaseFactory> > ()> >::pair<std::__cxx11::basic_string<char, std::char_traits<char>, std::allocator<char> >&, std::function<std::unique_ptr<mediapipe::internal::CalculatorBaseFactory, std::default_delete<mediapipe::internal::CalculatorBaseFactory> > ()>, true>(std::__cxx11::basic_string<char, std::char_traits<char>, std::allocator<char> >&, std::function<std::unique_ptr<mediapipe::internal::CalculatorBaseFactory, std::default_delete<mediapipe::internal::CalculatorBaseFactory> > ()>&&) (stl_pair.h:535)
==72637==    by 0x622544B: std::pair<std::__strip_reference_wrapper<std::decay<std::__cxx11::basic_string<char, std::char_traits<char>, std::allocator<char> >&>::type>::__type, std::__strip_reference_wrapper<std::decay<std::function<std::unique_ptr<mediapipe::internal::CalculatorBaseFactory, std::default_delete<mediapipe::internal::CalculatorBaseFactory> > ()> >::type>::__type> std::make_pair<std::__cxx11::basic_string<char, std::char_traits<char>, std::allocator<char> >&, std::function<std::unique_ptr<mediapipe::internal::CalculatorBaseFactory, std::default_delete<mediapipe::internal::CalculatorBaseFactory> > ()> >(std::__cxx11::basic_string<char, std::char_traits<char>, std::allocator<char> >&, std::function<std::unique_ptr<mediapipe::internal::CalculatorBaseFactory, std::default_delete<mediapipe::internal::CalculatorBaseFactory> > ()>&&) (stl_pair.h:746)
==72637==    by 0x6223D5F: mediapipe::FunctionRegistry<std::unique_ptr<mediapipe::internal::CalculatorBaseFactory, std::default_delete<mediapipe::internal::CalculatorBaseFactory> >>::Register(std::basic_string_view<char, std::char_traits<char> >, std::function<std::unique_ptr<mediapipe::internal::CalculatorBaseFactory, std::default_delete<mediapipe::internal::CalculatorBaseFactory> > ()>) (registration.h:190)
==72637==    by 0x622288F: mediapipe::GlobalFactoryRegistry<std::unique_ptr<mediapipe::internal::CalculatorBaseFactory, std::default_delete<mediapipe::internal::CalculatorBaseFactory> >>::Register(std::basic_string_view<char, std::char_traits<char> >, std::function<std::unique_ptr<mediapipe::internal::CalculatorBaseFactory, std::default_delete<mediapipe::internal::CalculatorBaseFactory> > ()>) (registration.h:355)
==72637==    by 0x658153B: __static_initialization_and_destruction_0(int, int) (split_vector_calculator.cc:103)
==72637==    by 0x6581A17: _GLOBAL__sub_I_split_vector_calculator.cc (split_vector_calculator.cc:105)
==72637==    by 0x4004447: call_init (dl-init.c:74)
==72637==    by 0x4004447: call_init (dl-init.c:26)
==72637==    by 0x4004553: _dl_init (dl-init.c:121)
==72637==    by 0x401AD37: (below main) (dl-start.S:46)
==72637== 
==72637== 36 bytes in 1 blocks are possibly lost in loss record 536 of 1,423
==72637==    at 0x4885828: operator new(unsigned long) (vg_replace_malloc.c:422)
==72637==    by 0x67FE63: void std::__cxx11::basic_string<char, std::char_traits<char>, std::allocator<char> >::_M_construct<char*>(char*, char*, std::forward_iterator_tag) (basic_string.tcc:225)
==72637==    by 0x6226357: std::pair<std::__cxx11::basic_string<char, std::char_traits<char>, std::allocator<char> >, std::function<std::unique_ptr<mediapipe::internal::CalculatorBaseFactory, std::default_delete<mediapipe::internal::CalculatorBaseFactory> > ()> >::pair<std::__cxx11::basic_string<char, std::char_traits<char>, std::allocator<char> >&, std::function<std::unique_ptr<mediapipe::internal::CalculatorBaseFactory, std::default_delete<mediapipe::internal::CalculatorBaseFactory> > ()>, true>(std::__cxx11::basic_string<char, std::char_traits<char>, std::allocator<char> >&, std::function<std::unique_ptr<mediapipe::internal::CalculatorBaseFactory, std::default_delete<mediapipe::internal::CalculatorBaseFactory> > ()>&&) (stl_pair.h:535)
==72637==    by 0x622544B: std::pair<std::__strip_reference_wrapper<std::decay<std::__cxx11::basic_string<char, std::char_traits<char>, std::allocator<char> >&>::type>::__type, std::__strip_reference_wrapper<std::decay<std::function<std::unique_ptr<mediapipe::internal::CalculatorBaseFactory, std::default_delete<mediapipe::internal::CalculatorBaseFactory> > ()> >::type>::__type> std::make_pair<std::__cxx11::basic_string<char, std::char_traits<char>, std::allocator<char> >&, std::function<std::unique_ptr<mediapipe::internal::CalculatorBaseFactory, std::default_delete<mediapipe::internal::CalculatorBaseFactory> > ()> >(std::__cxx11::basic_string<char, std::char_traits<char>, std::allocator<char> >&, std::function<std::unique_ptr<mediapipe::internal::CalculatorBaseFactory, std::default_delete<mediapipe::internal::CalculatorBaseFactory> > ()>&&) (stl_pair.h:746)
==72637==    by 0x6223D5F: mediapipe::FunctionRegistry<std::unique_ptr<mediapipe::internal::CalculatorBaseFactory, std::default_delete<mediapipe::internal::CalculatorBaseFactory> >>::Register(std::basic_string_view<char, std::char_traits<char> >, std::function<std::unique_ptr<mediapipe::internal::CalculatorBaseFactory, std::default_delete<mediapipe::internal::CalculatorBaseFactory> > ()>) (registration.h:190)
==72637==    by 0x622288F: mediapipe::GlobalFactoryRegistry<std::unique_ptr<mediapipe::internal::CalculatorBaseFactory, std::default_delete<mediapipe::internal::CalculatorBaseFactory> >>::Register(std::basic_string_view<char, std::char_traits<char> >, std::function<std::unique_ptr<mediapipe::internal::CalculatorBaseFactory, std::default_delete<mediapipe::internal::CalculatorBaseFactory> > ()>) (registration.h:355)
==72637==    by 0x6554887: __static_initialization_and_destruction_0(int, int) (end_loop_calculator.cc:59)
==72637==    by 0x655517B: _GLOBAL__sub_I_end_loop_calculator.cc (end_loop_calculator.cc:93)
==72637==    by 0x4004447: call_init (dl-init.c:74)
==72637==    by 0x4004447: call_init (dl-init.c:26)
==72637==    by 0x4004553: _dl_init (dl-init.c:121)
==72637==    by 0x401AD37: (below main) (dl-start.S:46)
==72637== 
==72637== 36 bytes in 1 blocks are possibly lost in loss record 537 of 1,423
==72637==    at 0x4885828: operator new(unsigned long) (vg_replace_malloc.c:422)
==72637==    by 0x67FE63: void std::__cxx11::basic_string<char, std::char_traits<char>, std::allocator<char> >::_M_construct<char*>(char*, char*, std::forward_iterator_tag) (basic_string.tcc:225)
==72637==    by 0x6226357: std::pair<std::__cxx11::basic_string<char, std::char_traits<char>, std::allocator<char> >, std::function<std::unique_ptr<mediapipe::internal::CalculatorBaseFactory, std::default_delete<mediapipe::internal::CalculatorBaseFactory> > ()> >::pair<std::__cxx11::basic_string<char, std::char_traits<char>, std::allocator<char> >&, std::function<std::unique_ptr<mediapipe::internal::CalculatorBaseFactory, std::default_delete<mediapipe::internal::CalculatorBaseFactory> > ()>, true>(std::__cxx11::basic_string<char, std::char_traits<char>, std::allocator<char> >&, std::function<std::unique_ptr<mediapipe::internal::CalculatorBaseFactory, std::default_delete<mediapipe::internal::CalculatorBaseFactory> > ()>&&) (stl_pair.h:535)
==72637==    by 0x622544B: std::pair<std::__strip_reference_wrapper<std::decay<std::__cxx11::basic_string<char, std::char_traits<char>, std::allocator<char> >&>::type>::__type, std::__strip_reference_wrapper<std::decay<std::function<std::unique_ptr<mediapipe::internal::CalculatorBaseFactory, std::default_delete<mediapipe::internal::CalculatorBaseFactory> > ()> >::type>::__type> std::make_pair<std::__cxx11::basic_string<char, std::char_traits<char>, std::allocator<char> >&, std::function<std::unique_ptr<mediapipe::internal::CalculatorBaseFactory, std::default_delete<mediapipe::internal::CalculatorBaseFactory> > ()> >(std::__cxx11::basic_string<char, std::char_traits<char>, std::allocator<char> >&, std::function<std::unique_ptr<mediapipe::internal::CalculatorBaseFactory, std::default_delete<mediapipe::internal::CalculatorBaseFactory> > ()>&&) (stl_pair.h:746)
==72637==    by 0x6223D5F: mediapipe::FunctionRegistry<std::unique_ptr<mediapipe::internal::CalculatorBaseFactory, std::default_delete<mediapipe::internal::CalculatorBaseFactory> >>::Register(std::basic_string_view<char, std::char_traits<char> >, std::function<std::unique_ptr<mediapipe::internal::CalculatorBaseFactory, std::default_delete<mediapipe::internal::CalculatorBaseFactory> > ()>) (registration.h:190)
==72637==    by 0x622288F: mediapipe::GlobalFactoryRegistry<std::unique_ptr<mediapipe::internal::CalculatorBaseFactory, std::default_delete<mediapipe::internal::CalculatorBaseFactory> >>::Register(std::basic_string_view<char, std::char_traits<char> >, std::function<std::unique_ptr<mediapipe::internal::CalculatorBaseFactory, std::default_delete<mediapipe::internal::CalculatorBaseFactory> > ()>) (registration.h:355)
==72637==    by 0x658125B: __static_initialization_and_destruction_0(int, int) (split_vector_calculator.cc:68)
==72637==    by 0x6581A17: _GLOBAL__sub_I_split_vector_calculator.cc (split_vector_calculator.cc:105)
==72637==    by 0x4004447: call_init (dl-init.c:74)
==72637==    by 0x4004447: call_init (dl-init.c:26)
==72637==    by 0x4004553: _dl_init (dl-init.c:121)
==72637==    by 0x401AD37: (below main) (dl-start.S:46)
==72637== 
==72637== 37 bytes in 1 blocks are possibly lost in loss record 538 of 1,423
==72637==    at 0x4885828: operator new(unsigned long) (vg_replace_malloc.c:422)
==72637==    by 0x67FE63: void std::__cxx11::basic_string<char, std::char_traits<char>, std::allocator<char> >::_M_construct<char*>(char*, char*, std::forward_iterator_tag) (basic_string.tcc:225)
==72637==    by 0x6DF0FDB: mediapipe::tool::FieldDescriptor::FieldDescriptor(mediapipe::tool::FieldDescriptor const&) (options_registry.h:68)
==72637==    by 0x6DF1047: void std::__new_allocator<mediapipe::tool::FieldDescriptor>::construct<mediapipe::tool::FieldDescriptor, mediapipe::tool::FieldDescriptor const&>(mediapipe::tool::FieldDescriptor*, mediapipe::tool::FieldDescriptor const&) (new_allocator.h:175)
==72637==    by 0x6DEF83B: void std::allocator_traits<std::allocator<mediapipe::tool::FieldDescriptor> >::construct<mediapipe::tool::FieldDescriptor, mediapipe::tool::FieldDescriptor const&>(std::allocator<mediapipe::tool::FieldDescriptor>&, mediapipe::tool::FieldDescriptor*, mediapipe::tool::FieldDescriptor const&) (alloc_traits.h:516)
==72637==    by 0x6DEF8FF: void std::vector<mediapipe::tool::FieldDescriptor, std::allocator<mediapipe::tool::FieldDescriptor> >::_M_realloc_insert<mediapipe::tool::FieldDescriptor const&>(__gnu_cxx::__normal_iterator<mediapipe::tool::FieldDescriptor*, std::vector<mediapipe::tool::FieldDescriptor, std::allocator<mediapipe::tool::FieldDescriptor> > >, mediapipe::tool::FieldDescriptor const&) (vector.tcc:462)
==72637==    by 0x6DEE7BF: std::vector<mediapipe::tool::FieldDescriptor, std::allocator<mediapipe::tool::FieldDescriptor> >::push_back(mediapipe::tool::FieldDescriptor const&) (stl_vector.h:1287)
==72637==    by 0x6DECE2B: mediapipe::tool::OptionsRegistry::Register(mediapipe::FieldData const&, std::__cxx11::basic_string<char, std::char_traits<char>, std::allocator<char> > const&) (options_registry.cc:138)
==72637==    by 0x6DEC9EF: mediapipe::tool::OptionsRegistry::Register(mediapipe::FieldData const&) (options_registry.cc:113)
==72637==    by 0x63114F3: __static_initialization_and_destruction_0(int, int) (inference_calculator_options_lib.cc:45)
==72637==    by 0x63115A3: _GLOBAL__sub_I_inference_calculator_options_lib.cc (inference_calculator_options_lib.cc:49)
==72637==    by 0x4004447: call_init (dl-init.c:74)
==72637==    by 0x4004447: call_init (dl-init.c:26)
==72637== 
==72637== 39 bytes in 1 blocks are possibly lost in loss record 543 of 1,423
==72637==    at 0x4885828: operator new(unsigned long) (vg_replace_malloc.c:422)
==72637==    by 0x67FE63: void std::__cxx11::basic_string<char, std::char_traits<char>, std::allocator<char> >::_M_construct<char*>(char*, char*, std::forward_iterator_tag) (basic_string.tcc:225)
==72637==    by 0x6226357: std::pair<std::__cxx11::basic_string<char, std::char_traits<char>, std::allocator<char> >, std::function<std::unique_ptr<mediapipe::internal::CalculatorBaseFactory, std::default_delete<mediapipe::internal::CalculatorBaseFactory> > ()> >::pair<std::__cxx11::basic_string<char, std::char_traits<char>, std::allocator<char> >&, std::function<std::unique_ptr<mediapipe::internal::CalculatorBaseFactory, std::default_delete<mediapipe::internal::CalculatorBaseFactory> > ()>, true>(std::__cxx11::basic_string<char, std::char_traits<char>, std::allocator<char> >&, std::function<std::unique_ptr<mediapipe::internal::CalculatorBaseFactory, std::default_delete<mediapipe::internal::CalculatorBaseFactory> > ()>&&) (stl_pair.h:535)
==72637==    by 0x622544B: std::pair<std::__strip_reference_wrapper<std::decay<std::__cxx11::basic_string<char, std::char_traits<char>, std::allocator<char> >&>::type>::__type, std::__strip_reference_wrapper<std::decay<std::function<std::unique_ptr<mediapipe::internal::CalculatorBaseFactory, std::default_delete<mediapipe::internal::CalculatorBaseFactory> > ()> >::type>::__type> std::make_pair<std::__cxx11::basic_string<char, std::char_traits<char>, std::allocator<char> >&, std::function<std::unique_ptr<mediapipe::internal::CalculatorBaseFactory, std::default_delete<mediapipe::internal::CalculatorBaseFactory> > ()> >(std::__cxx11::basic_string<char, std::char_traits<char>, std::allocator<char> >&, std::function<std::unique_ptr<mediapipe::internal::CalculatorBaseFactory, std::default_delete<mediapipe::internal::CalculatorBaseFactory> > ()>&&) (stl_pair.h:746)
==72637==    by 0x6223D5F: mediapipe::FunctionRegistry<std::unique_ptr<mediapipe::internal::CalculatorBaseFactory, std::default_delete<mediapipe::internal::CalculatorBaseFactory> >>::Register(std::basic_string_view<char, std::char_traits<char> >, std::function<std::unique_ptr<mediapipe::internal::CalculatorBaseFactory, std::default_delete<mediapipe::internal::CalculatorBaseFactory> > ()>) (registration.h:190)
==72637==    by 0x622288F: mediapipe::GlobalFactoryRegistry<std::unique_ptr<mediapipe::internal::CalculatorBaseFactory, std::default_delete<mediapipe::internal::CalculatorBaseFactory> >>::Register(std::basic_string_view<char, std::char_traits<char> >, std::function<std::unique_ptr<mediapipe::internal::CalculatorBaseFactory, std::default_delete<mediapipe::internal::CalculatorBaseFactory> > ()>) (registration.h:355)
==72637==    by 0x65814DF: __static_initialization_and_destruction_0(int, int) (split_vector_calculator.cc:99)
==72637==    by 0x6581A17: _GLOBAL__sub_I_split_vector_calculator.cc (split_vector_calculator.cc:105)
==72637==    by 0x4004447: call_init (dl-init.c:74)
==72637==    by 0x4004447: call_init (dl-init.c:26)
==72637==    by 0x4004553: _dl_init (dl-init.c:121)
==72637==    by 0x401AD37: (below main) (dl-start.S:46)
==72637== 
==72637== 40 bytes in 1 blocks are possibly lost in loss record 698 of 1,423
==72637==    at 0x4885828: operator new(unsigned long) (vg_replace_malloc.c:422)
==72637==    by 0x67FE63: void std::__cxx11::basic_string<char, std::char_traits<char>, std::allocator<char> >::_M_construct<char*>(char*, char*, std::forward_iterator_tag) (basic_string.tcc:225)
==72637==    by 0x6226357: std::pair<std::__cxx11::basic_string<char, std::char_traits<char>, std::allocator<char> >, std::function<std::unique_ptr<mediapipe::internal::CalculatorBaseFactory, std::default_delete<mediapipe::internal::CalculatorBaseFactory> > ()> >::pair<std::__cxx11::basic_string<char, std::char_traits<char>, std::allocator<char> >&, std::function<std::unique_ptr<mediapipe::internal::CalculatorBaseFactory, std::default_delete<mediapipe::internal::CalculatorBaseFactory> > ()>, true>(std::__cxx11::basic_string<char, std::char_traits<char>, std::allocator<char> >&, std::function<std::unique_ptr<mediapipe::internal::CalculatorBaseFactory, std::default_delete<mediapipe::internal::CalculatorBaseFactory> > ()>&&) (stl_pair.h:535)
==72637==    by 0x622544B: std::pair<std::__strip_reference_wrapper<std::decay<std::__cxx11::basic_string<char, std::char_traits<char>, std::allocator<char> >&>::type>::__type, std::__strip_reference_wrapper<std::decay<std::function<std::unique_ptr<mediapipe::internal::CalculatorBaseFactory, std::default_delete<mediapipe::internal::CalculatorBaseFactory> > ()> >::type>::__type> std::make_pair<std::__cxx11::basic_string<char, std::char_traits<char>, std::allocator<char> >&, std::function<std::unique_ptr<mediapipe::internal::CalculatorBaseFactory, std::default_delete<mediapipe::internal::CalculatorBaseFactory> > ()> >(std::__cxx11::basic_string<char, std::char_traits<char>, std::allocator<char> >&, std::function<std::unique_ptr<mediapipe::internal::CalculatorBaseFactory, std::default_delete<mediapipe::internal::CalculatorBaseFactory> > ()>&&) (stl_pair.h:746)
==72637==    by 0x6223D5F: mediapipe::FunctionRegistry<std::unique_ptr<mediapipe::internal::CalculatorBaseFactory, std::default_delete<mediapipe::internal::CalculatorBaseFactory> >>::Register(std::basic_string_view<char, std::char_traits<char> >, std::function<std::unique_ptr<mediapipe::internal::CalculatorBaseFactory, std::default_delete<mediapipe::internal::CalculatorBaseFactory> > ()>) (registration.h:190)
==72637==    by 0x622288F: mediapipe::GlobalFactoryRegistry<std::unique_ptr<mediapipe::internal::CalculatorBaseFactory, std::default_delete<mediapipe::internal::CalculatorBaseFactory> >>::Register(std::basic_string_view<char, std::char_traits<char> >, std::function<std::unique_ptr<mediapipe::internal::CalculatorBaseFactory, std::default_delete<mediapipe::internal::CalculatorBaseFactory> > ()>) (registration.h:355)
==72637==    by 0x658136F: __static_initialization_and_destruction_0(int, int) (split_vector_calculator.cc:85)
==72637==    by 0x6581A17: _GLOBAL__sub_I_split_vector_calculator.cc (split_vector_calculator.cc:105)
==72637==    by 0x4004447: call_init (dl-init.c:74)
==72637==    by 0x4004447: call_init (dl-init.c:26)
==72637==    by 0x4004553: _dl_init (dl-init.c:121)
==72637==    by 0x401AD37: (below main) (dl-start.S:46)
==72637== 
==72637== 41 bytes in 1 blocks are possibly lost in loss record 702 of 1,423
==72637==    at 0x4885828: operator new(unsigned long) (vg_replace_malloc.c:422)
==72637==    by 0x67FE63: void std::__cxx11::basic_string<char, std::char_traits<char>, std::allocator<char> >::_M_construct<char*>(char*, char*, std::forward_iterator_tag) (basic_string.tcc:225)
==72637==    by 0x6226357: std::pair<std::__cxx11::basic_string<char, std::char_traits<char>, std::allocator<char> >, std::function<std::unique_ptr<mediapipe::internal::CalculatorBaseFactory, std::default_delete<mediapipe::internal::CalculatorBaseFactory> > ()> >::pair<std::__cxx11::basic_string<char, std::char_traits<char>, std::allocator<char> >&, std::function<std::unique_ptr<mediapipe::internal::CalculatorBaseFactory, std::default_delete<mediapipe::internal::CalculatorBaseFactory> > ()>, true>(std::__cxx11::basic_string<char, std::char_traits<char>, std::allocator<char> >&, std::function<std::unique_ptr<mediapipe::internal::CalculatorBaseFactory, std::default_delete<mediapipe::internal::CalculatorBaseFactory> > ()>&&) (stl_pair.h:535)
==72637==    by 0x622544B: std::pair<std::__strip_reference_wrapper<std::decay<std::__cxx11::basic_string<char, std::char_traits<char>, std::allocator<char> >&>::type>::__type, std::__strip_reference_wrapper<std::decay<std::function<std::unique_ptr<mediapipe::internal::CalculatorBaseFactory, std::default_delete<mediapipe::internal::CalculatorBaseFactory> > ()> >::type>::__type> std::make_pair<std::__cxx11::basic_string<char, std::char_traits<char>, std::allocator<char> >&, std::function<std::unique_ptr<mediapipe::internal::CalculatorBaseFactory, std::default_delete<mediapipe::internal::CalculatorBaseFactory> > ()> >(std::__cxx11::basic_string<char, std::char_traits<char>, std::allocator<char> >&, std::function<std::unique_ptr<mediapipe::internal::CalculatorBaseFactory, std::default_delete<mediapipe::internal::CalculatorBaseFactory> > ()>&&) (stl_pair.h:746)
==72637==    by 0x6223D5F: mediapipe::FunctionRegistry<std::unique_ptr<mediapipe::internal::CalculatorBaseFactory, std::default_delete<mediapipe::internal::CalculatorBaseFactory> >>::Register(std::basic_string_view<char, std::char_traits<char> >, std::function<std::unique_ptr<mediapipe::internal::CalculatorBaseFactory, std::default_delete<mediapipe::internal::CalculatorBaseFactory> > ()>) (registration.h:190)
==72637==    by 0x622288F: mediapipe::GlobalFactoryRegistry<std::unique_ptr<mediapipe::internal::CalculatorBaseFactory, std::default_delete<mediapipe::internal::CalculatorBaseFactory> >>::Register(std::basic_string_view<char, std::char_traits<char> >, std::function<std::unique_ptr<mediapipe::internal::CalculatorBaseFactory, std::default_delete<mediapipe::internal::CalculatorBaseFactory> > ()>) (registration.h:355)
==72637==    by 0x6C7A813: __static_initialization_and_destruction_0(int, int) (collection_has_min_size_calculator.cc:28)
==72637==    by 0x6C7A9A3: _GLOBAL__sub_I_collection_has_min_size_calculator.cc (collection_has_min_size_calculator.cc:40)
==72637==    by 0x4004447: call_init (dl-init.c:74)
==72637==    by 0x4004447: call_init (dl-init.c:26)
==72637==    by 0x4004553: _dl_init (dl-init.c:121)
==72637==    by 0x401AD37: (below main) (dl-start.S:46)
==72637== 
==72637== 44 bytes in 1 blocks are possibly lost in loss record 706 of 1,423
==72637==    at 0x4885828: operator new(unsigned long) (vg_replace_malloc.c:422)
==72637==    by 0x67FE63: void std::__cxx11::basic_string<char, std::char_traits<char>, std::allocator<char> >::_M_construct<char*>(char*, char*, std::forward_iterator_tag) (basic_string.tcc:225)
==72637==    by 0x6226357: std::pair<std::__cxx11::basic_string<char, std::char_traits<char>, std::allocator<char> >, std::function<std::unique_ptr<mediapipe::internal::CalculatorBaseFactory, std::default_delete<mediapipe::internal::CalculatorBaseFactory> > ()> >::pair<std::__cxx11::basic_string<char, std::char_traits<char>, std::allocator<char> >&, std::function<std::unique_ptr<mediapipe::internal::CalculatorBaseFactory, std::default_delete<mediapipe::internal::CalculatorBaseFactory> > ()>, true>(std::__cxx11::basic_string<char, std::char_traits<char>, std::allocator<char> >&, std::function<std::unique_ptr<mediapipe::internal::CalculatorBaseFactory, std::default_delete<mediapipe::internal::CalculatorBaseFactory> > ()>&&) (stl_pair.h:535)
==72637==    by 0x622544B: std::pair<std::__strip_reference_wrapper<std::decay<std::__cxx11::basic_string<char, std::char_traits<char>, std::allocator<char> >&>::type>::__type, std::__strip_reference_wrapper<std::decay<std::function<std::unique_ptr<mediapipe::internal::CalculatorBaseFactory, std::default_delete<mediapipe::internal::CalculatorBaseFactory> > ()> >::type>::__type> std::make_pair<std::__cxx11::basic_string<char, std::char_traits<char>, std::allocator<char> >&, std::function<std::unique_ptr<mediapipe::internal::CalculatorBaseFactory, std::default_delete<mediapipe::internal::CalculatorBaseFactory> > ()> >(std::__cxx11::basic_string<char, std::char_traits<char>, std::allocator<char> >&, std::function<std::unique_ptr<mediapipe::internal::CalculatorBaseFactory, std::default_delete<mediapipe::internal::CalculatorBaseFactory> > ()>&&) (stl_pair.h:746)
==72637==    by 0x6223D5F: mediapipe::FunctionRegistry<std::unique_ptr<mediapipe::internal::CalculatorBaseFactory, std::default_delete<mediapipe::internal::CalculatorBaseFactory> >>::Register(std::basic_string_view<char, std::char_traits<char> >, std::function<std::unique_ptr<mediapipe::internal::CalculatorBaseFactory, std::default_delete<mediapipe::internal::CalculatorBaseFactory> > ()>) (registration.h:190)
==72637==    by 0x622288F: mediapipe::GlobalFactoryRegistry<std::unique_ptr<mediapipe::internal::CalculatorBaseFactory, std::default_delete<mediapipe::internal::CalculatorBaseFactory> >>::Register(std::basic_string_view<char, std::char_traits<char> >, std::function<std::unique_ptr<mediapipe::internal::CalculatorBaseFactory, std::default_delete<mediapipe::internal::CalculatorBaseFactory> > ()>) (registration.h:355)
==72637==    by 0x65811FF: __static_initialization_and_destruction_0(int, int) (split_vector_calculator.cc:64)
==72637==    by 0x6581A17: _GLOBAL__sub_I_split_vector_calculator.cc (split_vector_calculator.cc:105)
==72637==    by 0x4004447: call_init (dl-init.c:74)
==72637==    by 0x4004447: call_init (dl-init.c:26)
==72637==    by 0x4004553: _dl_init (dl-init.c:121)
==72637==    by 0x401AD37: (below main) (dl-start.S:46)
==72637== 
==72637== 45 bytes in 1 blocks are possibly lost in loss record 710 of 1,423
==72637==    at 0x4885828: operator new(unsigned long) (vg_replace_malloc.c:422)
==72637==    by 0x67FE63: void std::__cxx11::basic_string<char, std::char_traits<char>, std::allocator<char> >::_M_construct<char*>(char*, char*, std::forward_iterator_tag) (basic_string.tcc:225)
==72637==    by 0x6226357: std::pair<std::__cxx11::basic_string<char, std::char_traits<char>, std::allocator<char> >, std::function<std::unique_ptr<mediapipe::internal::CalculatorBaseFactory, std::default_delete<mediapipe::internal::CalculatorBaseFactory> > ()> >::pair<std::__cxx11::basic_string<char, std::char_traits<char>, std::allocator<char> >&, std::function<std::unique_ptr<mediapipe::internal::CalculatorBaseFactory, std::default_delete<mediapipe::internal::CalculatorBaseFactory> > ()>, true>(std::__cxx11::basic_string<char, std::char_traits<char>, std::allocator<char> >&, std::function<std::unique_ptr<mediapipe::internal::CalculatorBaseFactory, std::default_delete<mediapipe::internal::CalculatorBaseFactory> > ()>&&) (stl_pair.h:535)
==72637==    by 0x622544B: std::pair<std::__strip_reference_wrapper<std::decay<std::__cxx11::basic_string<char, std::char_traits<char>, std::allocator<char> >&>::type>::__type, std::__strip_reference_wrapper<std::decay<std::function<std::unique_ptr<mediapipe::internal::CalculatorBaseFactory, std::default_delete<mediapipe::internal::CalculatorBaseFactory> > ()> >::type>::__type> std::make_pair<std::__cxx11::basic_string<char, std::char_traits<char>, std::allocator<char> >&, std::function<std::unique_ptr<mediapipe::internal::CalculatorBaseFactory, std::default_delete<mediapipe::internal::CalculatorBaseFactory> > ()> >(std::__cxx11::basic_string<char, std::char_traits<char>, std::allocator<char> >&, std::function<std::unique_ptr<mediapipe::internal::CalculatorBaseFactory, std::default_delete<mediapipe::internal::CalculatorBaseFactory> > ()>&&) (stl_pair.h:746)
==72637==    by 0x6223D5F: mediapipe::FunctionRegistry<std::unique_ptr<mediapipe::internal::CalculatorBaseFactory, std::default_delete<mediapipe::internal::CalculatorBaseFactory> >>::Register(std::basic_string_view<char, std::char_traits<char> >, std::function<std::unique_ptr<mediapipe::internal::CalculatorBaseFactory, std::default_delete<mediapipe::internal::CalculatorBaseFactory> > ()>) (registration.h:190)
==72637==    by 0x622288F: mediapipe::GlobalFactoryRegistry<std::unique_ptr<mediapipe::internal::CalculatorBaseFactory, std::default_delete<mediapipe::internal::CalculatorBaseFactory> >>::Register(std::basic_string_view<char, std::char_traits<char> >, std::function<std::unique_ptr<mediapipe::internal::CalculatorBaseFactory, std::default_delete<mediapipe::internal::CalculatorBaseFactory> > ()>) (registration.h:355)
==72637==    by 0x6C7A8CB: __static_initialization_and_destruction_0(int, int) (collection_has_min_size_calculator.cc:38)
==72637==    by 0x6C7A9A3: _GLOBAL__sub_I_collection_has_min_size_calculator.cc (collection_has_min_size_calculator.cc:40)
==72637==    by 0x4004447: call_init (dl-init.c:74)
==72637==    by 0x4004447: call_init (dl-init.c:26)
==72637==    by 0x4004553: _dl_init (dl-init.c:121)
==72637==    by 0x401AD37: (below main) (dl-start.S:46)
==72637== 
==72637== 48 bytes in 2 blocks are possibly lost in loss record 780 of 1,423
==72637==    at 0x4885828: operator new(unsigned long) (vg_replace_malloc.c:422)
==72637==    by 0x65F8D3: google::protobuf::RepeatedField<int>::Reserve(int) (repeated_field.h:920)
==72637==    by 0x65F6C3: google::protobuf::RepeatedField<int>::MergeFrom(google::protobuf::RepeatedField<int> const&) (repeated_field.h:756)
==72637==    by 0x63490AB: mediapipe::SsdAnchorsCalculatorOptions::MergeFrom(mediapipe::SsdAnchorsCalculatorOptions const&) (ssd_anchors_calculator.pb.cc:874)
==72637==    by 0x6348FB7: mediapipe::SsdAnchorsCalculatorOptions::MergeImpl(google::protobuf::Message*, google::protobuf::Message const&) (ssd_anchors_calculator.pb.cc:861)
==72637==    by 0x53B49F: google::protobuf::Message::MergeFrom(google::protobuf::Message const&) (message.cc:90)
==72637==    by 0x53B4E3: google::protobuf::Message::CheckTypeAndMergeFrom(google::protobuf::MessageLite const&) (message.cc:94)
==72637==    by 0x613B73: google::protobuf::internal::ExtensionSet::InternalExtensionMergeFrom(google::protobuf::MessageLite const*, int, google::protobuf::internal::ExtensionSet::Extension const&, google::protobuf::Arena*) (extension_set.cc:1095)
==72637==    by 0x612EAF: google::protobuf::internal::ExtensionSet::MergeFrom(google::protobuf::MessageLite const*, google::protobuf::internal::ExtensionSet const&)::{lambda(int, google::protobuf::internal::ExtensionSet::Extension const&)#1}::operator()(int, google::protobuf::internal::ExtensionSet::Extension const&) const (extension_set.cc:985)
==72637==    by 0x61BA6B: google::protobuf::internal::ExtensionSet::MergeFrom(google::protobuf::MessageLite const*, google::protobuf::internal::ExtensionSet const&)::{lambda(int, google::protobuf::internal::ExtensionSet::Extension const&)#1} google::protobuf::internal::ExtensionSet::ForEach<google::protobuf::internal::ExtensionSet::KeyValue const*, google::protobuf::internal::ExtensionSet::MergeFrom(google::protobuf::MessageLite const*, google::protobuf::internal::ExtensionSet const&)::{lambda(int, google::protobuf::internal::ExtensionSet::Extension const&)#1}>(google::protobuf::internal::ExtensionSet::KeyValue const*, google::protobuf::internal::ExtensionSet::KeyValue const*, google::protobuf::internal::ExtensionSet::MergeFrom(google::protobuf::MessageLite const*, google::protobuf::internal::ExtensionSet const&)::{lambda(int, google::protobuf::internal::ExtensionSet::Extension const&)#1}) (extension_set.h:753)
==72637==    by 0x61AE7F: google::protobuf::internal::ExtensionSet::MergeFrom(google::protobuf::MessageLite const*, google::protobuf::internal::ExtensionSet const&)::{lambda(int, google::protobuf::internal::ExtensionSet::Extension const&)#1} google::protobuf::internal::ExtensionSet::ForEach<google::protobuf::internal::ExtensionSet::MergeFrom(google::protobuf::MessageLite const*, google::protobuf::internal::ExtensionSet const&)::{lambda(int, google::protobuf::internal::ExtensionSet::Extension const&)#1}>(google::protobuf::internal::ExtensionSet::MergeFrom(google::protobuf::MessageLite const*, google::protobuf::internal::ExtensionSet const&)::{lambda(int, google::protobuf::internal::ExtensionSet::Extension const&)#1}) const (extension_set.h:772)
==72637==    by 0x61301B: google::protobuf::internal::ExtensionSet::MergeFrom(google::protobuf::MessageLite const*, google::protobuf::internal::ExtensionSet const&) (extension_set.cc:984)
==72637== 
==72637== 48 bytes in 2 blocks are possibly lost in loss record 781 of 1,423
==72637==    at 0x4885828: operator new(unsigned long) (vg_replace_malloc.c:422)
==72637==    by 0x6680CB: google::protobuf::RepeatedField<float>::Reserve(int) (repeated_field.h:920)
==72637==    by 0x667EBB: google::protobuf::RepeatedField<float>::MergeFrom(google::protobuf::RepeatedField<float> const&) (repeated_field.h:756)
==72637==    by 0x63490C7: mediapipe::SsdAnchorsCalculatorOptions::MergeFrom(mediapipe::SsdAnchorsCalculatorOptions const&) (ssd_anchors_calculator.pb.cc:875)
==72637==    by 0x6348FB7: mediapipe::SsdAnchorsCalculatorOptions::MergeImpl(google::protobuf::Message*, google::protobuf::Message const&) (ssd_anchors_calculator.pb.cc:861)
==72637==    by 0x53B49F: google::protobuf::Message::MergeFrom(google::protobuf::Message const&) (message.cc:90)
==72637==    by 0x53B4E3: google::protobuf::Message::CheckTypeAndMergeFrom(google::protobuf::MessageLite const&) (message.cc:94)
==72637==    by 0x613B73: google::protobuf::internal::ExtensionSet::InternalExtensionMergeFrom(google::protobuf::MessageLite const*, int, google::protobuf::internal::ExtensionSet::Extension const&, google::protobuf::Arena*) (extension_set.cc:1095)
==72637==    by 0x612EAF: google::protobuf::internal::ExtensionSet::MergeFrom(google::protobuf::MessageLite const*, google::protobuf::internal::ExtensionSet const&)::{lambda(int, google::protobuf::internal::ExtensionSet::Extension const&)#1}::operator()(int, google::protobuf::internal::ExtensionSet::Extension const&) const (extension_set.cc:985)
==72637==    by 0x61BA6B: google::protobuf::internal::ExtensionSet::MergeFrom(google::protobuf::MessageLite const*, google::protobuf::internal::ExtensionSet const&)::{lambda(int, google::protobuf::internal::ExtensionSet::Extension const&)#1} google::protobuf::internal::ExtensionSet::ForEach<google::protobuf::internal::ExtensionSet::KeyValue const*, google::protobuf::internal::ExtensionSet::MergeFrom(google::protobuf::MessageLite const*, google::protobuf::internal::ExtensionSet const&)::{lambda(int, google::protobuf::internal::ExtensionSet::Extension const&)#1}>(google::protobuf::internal::ExtensionSet::KeyValue const*, google::protobuf::internal::ExtensionSet::KeyValue const*, google::protobuf::internal::ExtensionSet::MergeFrom(google::protobuf::MessageLite const*, google::protobuf::internal::ExtensionSet const&)::{lambda(int, google::protobuf::internal::ExtensionSet::Extension const&)#1}) (extension_set.h:753)
==72637==    by 0x61AE7F: google::protobuf::internal::ExtensionSet::MergeFrom(google::protobuf::MessageLite const*, google::protobuf::internal::ExtensionSet const&)::{lambda(int, google::protobuf::internal::ExtensionSet::Extension const&)#1} google::protobuf::internal::ExtensionSet::ForEach<google::protobuf::internal::ExtensionSet::MergeFrom(google::protobuf::MessageLite const*, google::protobuf::internal::ExtensionSet const&)::{lambda(int, google::protobuf::internal::ExtensionSet::Extension const&)#1}>(google::protobuf::internal::ExtensionSet::MergeFrom(google::protobuf::MessageLite const*, google::protobuf::internal::ExtensionSet const&)::{lambda(int, google::protobuf::internal::ExtensionSet::Extension const&)#1}) const (extension_set.h:772)
==72637==    by 0x61301B: google::protobuf::internal::ExtensionSet::MergeFrom(google::protobuf::MessageLite const*, google::protobuf::internal::ExtensionSet const&) (extension_set.cc:984)
==72637== 
==72637== 49 bytes in 1 blocks are possibly lost in loss record 785 of 1,423
==72637==    at 0x4885828: operator new(unsigned long) (vg_replace_malloc.c:422)
==72637==    by 0x67FE63: void std::__cxx11::basic_string<char, std::char_traits<char>, std::allocator<char> >::_M_construct<char*>(char*, char*, std::forward_iterator_tag) (basic_string.tcc:225)
==72637==    by 0x6226357: std::pair<std::__cxx11::basic_string<char, std::char_traits<char>, std::allocator<char> >, std::function<std::unique_ptr<mediapipe::internal::CalculatorBaseFactory, std::default_delete<mediapipe::internal::CalculatorBaseFactory> > ()> >::pair<std::__cxx11::basic_string<char, std::char_traits<char>, std::allocator<char> >&, std::function<std::unique_ptr<mediapipe::internal::CalculatorBaseFactory, std::default_delete<mediapipe::internal::CalculatorBaseFactory> > ()>, true>(std::__cxx11::basic_string<char, std::char_traits<char>, std::allocator<char> >&, std::function<std::unique_ptr<mediapipe::internal::CalculatorBaseFactory, std::default_delete<mediapipe::internal::CalculatorBaseFactory> > ()>&&) (stl_pair.h:535)
==72637==    by 0x622544B: std::pair<std::__strip_reference_wrapper<std::decay<std::__cxx11::basic_string<char, std::char_traits<char>, std::allocator<char> >&>::type>::__type, std::__strip_reference_wrapper<std::decay<std::function<std::unique_ptr<mediapipe::internal::CalculatorBaseFactory, std::default_delete<mediapipe::internal::CalculatorBaseFactory> > ()> >::type>::__type> std::make_pair<std::__cxx11::basic_string<char, std::char_traits<char>, std::allocator<char> >&, std::function<std::unique_ptr<mediapipe::internal::CalculatorBaseFactory, std::default_delete<mediapipe::internal::CalculatorBaseFactory> > ()> >(std::__cxx11::basic_string<char, std::char_traits<char>, std::allocator<char> >&, std::function<std::unique_ptr<mediapipe::internal::CalculatorBaseFactory, std::default_delete<mediapipe::internal::CalculatorBaseFactory> > ()>&&) (stl_pair.h:746)
==72637==    by 0x6223D5F: mediapipe::FunctionRegistry<std::unique_ptr<mediapipe::internal::CalculatorBaseFactory, std::default_delete<mediapipe::internal::CalculatorBaseFactory> >>::Register(std::basic_string_view<char, std::char_traits<char> >, std::function<std::unique_ptr<mediapipe::internal::CalculatorBaseFactory, std::default_delete<mediapipe::internal::CalculatorBaseFactory> > ()>) (registration.h:190)
==72637==    by 0x622288F: mediapipe::GlobalFactoryRegistry<std::unique_ptr<mediapipe::internal::CalculatorBaseFactory, std::default_delete<mediapipe::internal::CalculatorBaseFactory> >>::Register(std::basic_string_view<char, std::char_traits<char> >, std::function<std::unique_ptr<mediapipe::internal::CalculatorBaseFactory, std::default_delete<mediapipe::internal::CalculatorBaseFactory> > ()>) (registration.h:355)
==72637==    by 0x6C7A86F: __static_initialization_and_destruction_0(int, int) (collection_has_min_size_calculator.cc:33)
==72637==    by 0x6C7A9A3: _GLOBAL__sub_I_collection_has_min_size_calculator.cc (collection_has_min_size_calculator.cc:40)
==72637==    by 0x4004447: call_init (dl-init.c:74)
==72637==    by 0x4004447: call_init (dl-init.c:26)
==72637==    by 0x4004553: _dl_init (dl-init.c:121)
==72637==    by 0x401AD37: (below main) (dl-start.S:46)
==72637== 
==72637== 52 bytes in 1 blocks are possibly lost in loss record 792 of 1,423
==72637==    at 0x4885828: operator new(unsigned long) (vg_replace_malloc.c:422)
==72637==    by 0x67FE63: void std::__cxx11::basic_string<char, std::char_traits<char>, std::allocator<char> >::_M_construct<char*>(char*, char*, std::forward_iterator_tag) (basic_string.tcc:225)
==72637==    by 0x6226357: std::pair<std::__cxx11::basic_string<char, std::char_traits<char>, std::allocator<char> >, std::function<std::unique_ptr<mediapipe::internal::CalculatorBaseFactory, std::default_delete<mediapipe::internal::CalculatorBaseFactory> > ()> >::pair<std::__cxx11::basic_string<char, std::char_traits<char>, std::allocator<char> >&, std::function<std::unique_ptr<mediapipe::internal::CalculatorBaseFactory, std::default_delete<mediapipe::internal::CalculatorBaseFactory> > ()>, true>(std::__cxx11::basic_string<char, std::char_traits<char>, std::allocator<char> >&, std::function<std::unique_ptr<mediapipe::internal::CalculatorBaseFactory, std::default_delete<mediapipe::internal::CalculatorBaseFactory> > ()>&&) (stl_pair.h:535)
==72637==    by 0x622544B: std::pair<std::__strip_reference_wrapper<std::decay<std::__cxx11::basic_string<char, std::char_traits<char>, std::allocator<char> >&>::type>::__type, std::__strip_reference_wrapper<std::decay<std::function<std::unique_ptr<mediapipe::internal::CalculatorBaseFactory, std::default_delete<mediapipe::internal::CalculatorBaseFactory> > ()> >::type>::__type> std::make_pair<std::__cxx11::basic_string<char, std::char_traits<char>, std::allocator<char> >&, std::function<std::unique_ptr<mediapipe::internal::CalculatorBaseFactory, std::default_delete<mediapipe::internal::CalculatorBaseFactory> > ()> >(std::__cxx11::basic_string<char, std::char_traits<char>, std::allocator<char> >&, std::function<std::unique_ptr<mediapipe::internal::CalculatorBaseFactory, std::default_delete<mediapipe::internal::CalculatorBaseFactory> > ()>&&) (stl_pair.h:746)
==72637==    by 0x6223D5F: mediapipe::FunctionRegistry<std::unique_ptr<mediapipe::internal::CalculatorBaseFactory, std::default_delete<mediapipe::internal::CalculatorBaseFactory> >>::Register(std::basic_string_view<char, std::char_traits<char> >, std::function<std::unique_ptr<mediapipe::internal::CalculatorBaseFactory, std::default_delete<mediapipe::internal::CalculatorBaseFactory> > ()>) (registration.h:190)
==72637==    by 0x622288F: mediapipe::GlobalFactoryRegistry<std::unique_ptr<mediapipe::internal::CalculatorBaseFactory, std::default_delete<mediapipe::internal::CalculatorBaseFactory> >>::Register(std::basic_string_view<char, std::char_traits<char> >, std::function<std::unique_ptr<mediapipe::internal::CalculatorBaseFactory, std::default_delete<mediapipe::internal::CalculatorBaseFactory> > ()>) (registration.h:355)
==72637==    by 0x6CB8097: __static_initialization_and_destruction_0(int, int) (sink.cc:73)
==72637==    by 0x6CB8227: _GLOBAL__sub_I_sink.cc (sink.cc:396)
==72637==    by 0x4004447: call_init (dl-init.c:74)
==72637==    by 0x4004447: call_init (dl-init.c:26)
==72637==    by 0x4004553: _dl_init (dl-init.c:121)
==72637==    by 0x401AD37: (below main) (dl-start.S:46)
==72637== 
==72637== 56 bytes in 1 blocks are possibly lost in loss record 871 of 1,423
==72637==    at 0x4885828: operator new(unsigned long) (vg_replace_malloc.c:422)
==72637==    by 0x621DC67: std::__new_allocator<absl::container_internal::AlignedType<8ul> >::allocate(unsigned long, void const*) (new_allocator.h:137)
==72637==    by 0x621D5BF: std::allocator_traits<std::allocator<absl::container_internal::AlignedType<8ul> > >::allocate(std::allocator<absl::container_internal::AlignedType<8ul> >&, unsigned long) (alloc_traits.h:464)
==72637==    by 0x621CB8F: void* absl::container_internal::Allocate<8ul, std::allocator<char> >(std::allocator<char>*, unsigned long) (container_memory.h:65)
==72637==    by 0x62FFC77: void absl::container_internal::InitializeSlots<std::allocator<char>, 32ul, 8ul>(absl::container_internal::CommonFields&, std::allocator<char>) (raw_hash_set.h:1488)
==72637==    by 0x62FF877: absl::container_internal::raw_hash_set<absl::container_internal::FlatHashSetPolicy<std::__cxx11::basic_string<char, std::char_traits<char>, std::allocator<char> > >, absl::container_internal::StringHash, absl::container_internal::StringEq, std::allocator<std::__cxx11::basic_string<char, std::char_traits<char>, std::allocator<char> > > >::initialize_slots() (raw_hash_set.h:2602)
==72637==    by 0x6E56F5B: absl::container_internal::raw_hash_set<absl::container_internal::FlatHashSetPolicy<std::__cxx11::basic_string<char, std::char_traits<char>, std::allocator<char> > >, absl::container_internal::StringHash, absl::container_internal::StringEq, std::allocator<std::__cxx11::basic_string<char, std::char_traits<char>, std::allocator<char> > > >::raw_hash_set(unsigned long, absl::container_internal::StringHash const&, absl::container_internal::StringEq const&, std::allocator<std::__cxx11::basic_string<char, std::char_traits<char>, std::allocator<char> > > const&) (raw_hash_set.h:1805)
==72637==    by 0x6E56E57: absl::container_internal::raw_hash_set<absl::container_internal::FlatHashSetPolicy<std::__cxx11::basic_string<char, std::char_traits<char>, std::allocator<char> > >, absl::container_internal::StringHash, absl::container_internal::StringEq, std::allocator<std::__cxx11::basic_string<char, std::char_traits<char>, std::allocator<char> > > >::raw_hash_set<char const* const*>(char const* const*, char const* const*, unsigned long, absl::container_internal::StringHash const&, absl::container_internal::StringEq const&, std::allocator<std::__cxx11::basic_string<char, std::char_traits<char>, std::allocator<char> > > const&) (raw_hash_set.h:1824)
==72637==    by 0x6E56DFB: absl::flat_hash_set<std::__cxx11::basic_string<char, std::char_traits<char>, std::allocator<char> >, absl::container_internal::StringHash, absl::container_internal::StringEq, std::allocator<std::__cxx11::basic_string<char, std::char_traits<char>, std::allocator<char> > > >::raw_hash_set<char const* const*>(char const* const*, char const* const*, unsigned long, absl::container_internal::StringHash const&, absl::container_internal::StringEq const&, std::allocator<std::__cxx11::basic_string<char, std::char_traits<char>, std::allocator<char> > > const&) (flat_hash_set.h:152)
==72637==    by 0x6E56C9F: mediapipe::NamespaceAllowlist::TopNamespaces[abi:cxx11]() (registration.cc:42)
==72637==    by 0x62164F3: mediapipe::FunctionRegistry<std::unique_ptr<mediapipe::Subgraph, std::default_delete<mediapipe::Subgraph> >>::GetAdjustedName[abi:cxx11](std::basic_string_view<char, std::char_traits<char> >) (registration.h:332)
==72637==    by 0x6215A8B: mediapipe::FunctionRegistry<std::unique_ptr<mediapipe::Subgraph, std::default_delete<mediapipe::Subgraph> >>::Register(std::basic_string_view<char, std::char_traits<char> >, std::function<std::unique_ptr<mediapipe::Subgraph, std::default_delete<mediapipe::Subgraph> > ()>) (registration.h:186)
==72637== 
==72637== 64 bytes in 1 blocks are possibly lost in loss record 901 of 1,423
==72637==    at 0x4885828: operator new(unsigned long) (vg_replace_malloc.c:422)
==72637==    by 0x621DC67: std::__new_allocator<absl::container_internal::AlignedType<8ul> >::allocate(unsigned long, void const*) (new_allocator.h:137)
==72637==    by 0x621D5BF: std::allocator_traits<std::allocator<absl::container_internal::AlignedType<8ul> > >::allocate(std::allocator<absl::container_internal::AlignedType<8ul> >&, unsigned long) (alloc_traits.h:464)
==72637==    by 0x621CB8F: void* absl::container_internal::Allocate<8ul, std::allocator<char> >(std::allocator<char>*, unsigned long) (container_memory.h:65)
==72637==    by 0x62FEAC7: void absl::container_internal::InitializeSlots<std::allocator<char>, 40ul, 8ul>(absl::container_internal::CommonFields&, std::allocator<char>) (raw_hash_set.h:1488)
==72637==    by 0x6CF0CF3: absl::container_internal::raw_hash_set<absl::container_internal::FlatHashMapPolicy<std::__cxx11::basic_string<char, std::char_traits<char>, std::allocator<char> >, std::unique_ptr<mediapipe::CalculatorGraph::GraphInputStream, std::default_delete<mediapipe::CalculatorGraph::GraphInputStream> > >, absl::container_internal::StringHash, absl::container_internal::StringEq, std::allocator<std::pair<std::__cxx11::basic_string<char, std::char_traits<char>, std::allocator<char> > const, std::unique_ptr<mediapipe::CalculatorGraph::GraphInputStream, std::default_delete<mediapipe::CalculatorGraph::GraphInputStream> > > > >::initialize_slots() (raw_hash_set.h:2602)
==72637==    by 0x6CEE157: absl::container_internal::raw_hash_set<absl::container_internal::FlatHashMapPolicy<std::__cxx11::basic_string<char, std::char_traits<char>, std::allocator<char> >, std::unique_ptr<mediapipe::CalculatorGraph::GraphInputStream, std::default_delete<mediapipe::CalculatorGraph::GraphInputStream> > >, absl::container_internal::StringHash, absl::container_internal::StringEq, std::allocator<std::pair<std::__cxx11::basic_string<char, std::char_traits<char>, std::allocator<char> > const, std::unique_ptr<mediapipe::CalculatorGraph::GraphInputStream, std::default_delete<mediapipe::CalculatorGraph::GraphInputStream> > > > >::resize(unsigned long) (raw_hash_set.h:2613)
==72637==    by 0x6CEE3D7: absl::container_internal::raw_hash_set<absl::container_internal::FlatHashMapPolicy<std::__cxx11::basic_string<char, std::char_traits<char>, std::allocator<char> >, std::unique_ptr<mediapipe::CalculatorGraph::GraphInputStream, std::default_delete<mediapipe::CalculatorGraph::GraphInputStream> > >, absl::container_internal::StringHash, absl::container_internal::StringEq, std::allocator<std::pair<std::__cxx11::basic_string<char, std::char_traits<char>, std::allocator<char> > const, std::unique_ptr<mediapipe::CalculatorGraph::GraphInputStream, std::default_delete<mediapipe::CalculatorGraph::GraphInputStream> > > > >::rehash_and_grow_if_necessary() (raw_hash_set.h:2702)
==72637==    by 0x6CEA913: absl::container_internal::raw_hash_set<absl::container_internal::FlatHashMapPolicy<std::__cxx11::basic_string<char, std::char_traits<char>, std::allocator<char> >, std::unique_ptr<mediapipe::CalculatorGraph::GraphInputStream, std::default_delete<mediapipe::CalculatorGraph::GraphInputStream> > >, absl::container_internal::StringHash, absl::container_internal::StringEq, std::allocator<std::pair<std::__cxx11::basic_string<char, std::char_traits<char>, std::allocator<char> > const, std::unique_ptr<mediapipe::CalculatorGraph::GraphInputStream, std::default_delete<mediapipe::CalculatorGraph::GraphInputStream> > > > >::prepare_insert(unsigned long) (raw_hash_set.h:2798)
==72637==    by 0x6CE67E3: std::pair<unsigned long, bool> absl::container_internal::raw_hash_set<absl::container_internal::FlatHashMapPolicy<std::__cxx11::basic_string<char, std::char_traits<char>, std::allocator<char> >, std::unique_ptr<mediapipe::CalculatorGraph::GraphInputStream, std::default_delete<mediapipe::CalculatorGraph::GraphInputStream> > >, absl::container_internal::StringHash, absl::container_internal::StringEq, std::allocator<std::pair<std::__cxx11::basic_string<char, std::char_traits<char>, std::allocator<char> > const, std::unique_ptr<mediapipe::CalculatorGraph::GraphInputStream, std::default_delete<mediapipe::CalculatorGraph::GraphInputStream> > > > >::find_or_prepare_insert<std::__cxx11::basic_string<char, std::char_traits<char>, std::allocator<char> > >(std::__cxx11::basic_string<char, std::char_traits<char>, std::allocator<char> > const&) (raw_hash_set.h:2779)
==72637==    by 0x6CDFF73: std::pair<absl::container_internal::raw_hash_set<absl::container_internal::FlatHashMapPolicy<std::__cxx11::basic_string<char, std::char_traits<char>, std::allocator<char> >, std::unique_ptr<mediapipe::CalculatorGraph::GraphInputStream, std::default_delete<mediapipe::CalculatorGraph::GraphInputStream> > >, absl::container_internal::StringHash, absl::container_internal::StringEq, std::allocator<std::pair<std::__cxx11::basic_string<char, std::char_traits<char>, std::allocator<char> > const, std::unique_ptr<mediapipe::CalculatorGraph::GraphInputStream, std::default_delete<mediapipe::CalculatorGraph::GraphInputStream> > > > >::iterator, bool> absl::container_internal::raw_hash_map<absl::container_internal::FlatHashMapPolicy<std::__cxx11::basic_string<char, std::char_traits<char>, std::allocator<char> >, std::unique_ptr<mediapipe::CalculatorGraph::GraphInputStream, std::default_delete<mediapipe::CalculatorGraph::GraphInputStream> > >, absl::container_internal::StringHash, absl::container_internal::StringEq, std::allocator<std::pair<std::__cxx11::basic_string<char, std::char_traits<char>, std::allocator<char> > const, std::unique_ptr<mediapipe::CalculatorGraph::GraphInputStream, std::default_delete<mediapipe::CalculatorGraph::GraphInputStream> > > > >::try_emplace_impl<std::__cxx11::basic_string<char, std::char_traits<char>, std::allocator<char> > const&>(std::__cxx11::basic_string<char, std::char_traits<char>, std::allocator<char> > const&) (raw_hash_map.h:204)
==72637==    by 0x6CD95B3: std::pair<absl::container_internal::raw_hash_set<absl::container_internal::FlatHashMapPolicy<std::__cxx11::basic_string<char, std::char_traits<char>, std::allocator<char> >, std::unique_ptr<mediapipe::CalculatorGraph::GraphInputStream, std::default_delete<mediapipe::CalculatorGraph::GraphInputStream> > >, absl::container_internal::StringHash, absl::container_internal::StringEq, std::allocator<std::pair<std::__cxx11::basic_string<char, std::char_traits<char>, std::allocator<char> > const, std::unique_ptr<mediapipe::CalculatorGraph::GraphInputStream, std::default_delete<mediapipe::CalculatorGraph::GraphInputStream> > > > >::iterator, bool> absl::container_internal::raw_hash_map<absl::container_internal::FlatHashMapPolicy<std::__cxx11::basic_string<char, std::char_traits<char>, std::allocator<char> >, std::unique_ptr<mediapipe::CalculatorGraph::GraphInputStream, std::default_delete<mediapipe::CalculatorGraph::GraphInputStream> > >, absl::container_internal::StringHash, absl::container_internal::StringEq, std::allocator<std::pair<std::__cxx11::basic_string<char, std::char_traits<char>, std::allocator<char> > const, std::unique_ptr<mediapipe::CalculatorGraph::GraphInputStream, std::default_delete<mediapipe::CalculatorGraph::GraphInputStream> > > > >::try_emplace<std::__cxx11::basic_string<char, std::char_traits<char>, std::allocator<char> >, , 0>(std::__cxx11::basic_string<char, std::char_traits<char>, std::allocator<char> > const&) (raw_hash_map.h:141)
==72637== 
==72637== 64 bytes in 1 blocks are possibly lost in loss record 902 of 1,423
==72637==    at 0x4885828: operator new(unsigned long) (vg_replace_malloc.c:422)
==72637==    by 0x621DC67: std::__new_allocator<absl::container_internal::AlignedType<8ul> >::allocate(unsigned long, void const*) (new_allocator.h:137)
==72637==    by 0x621D5BF: std::allocator_traits<std::allocator<absl::container_internal::AlignedType<8ul> > >::allocate(std::allocator<absl::container_internal::AlignedType<8ul> >&, unsigned long) (alloc_traits.h:464)
==72637==    by 0x621CB8F: void* absl::container_internal::Allocate<8ul, std::allocator<char> >(std::allocator<char>*, unsigned long) (container_memory.h:65)
==72637==    by 0x62FEAC7: void absl::container_internal::InitializeSlots<std::allocator<char>, 40ul, 8ul>(absl::container_internal::CommonFields&, std::allocator<char>) (raw_hash_set.h:1488)
==72637==    by 0x62FE37B: absl::container_internal::raw_hash_set<absl::container_internal::FlatHashMapPolicy<std::__cxx11::basic_string<char, std::char_traits<char>, std::allocator<char> >, int>, absl::container_internal::StringHash, absl::container_internal::StringEq, std::allocator<std::pair<std::__cxx11::basic_string<char, std::char_traits<char>, std::allocator<char> > const, int> > >::initialize_slots() (raw_hash_set.h:2602)
==72637==    by 0x62FDC93: absl::container_internal::raw_hash_set<absl::container_internal::FlatHashMapPolicy<std::__cxx11::basic_string<char, std::char_traits<char>, std::allocator<char> >, int>, absl::container_internal::StringHash, absl::container_internal::StringEq, std::allocator<std::pair<std::__cxx11::basic_string<char, std::char_traits<char>, std::allocator<char> > const, int> > >::resize(unsigned long) (raw_hash_set.h:2613)
==72637==    by 0x62FDF13: absl::container_internal::raw_hash_set<absl::container_internal::FlatHashMapPolicy<std::__cxx11::basic_string<char, std::char_traits<char>, std::allocator<char> >, int>, absl::container_internal::StringHash, absl::container_internal::StringEq, std::allocator<std::pair<std::__cxx11::basic_string<char, std::char_traits<char>, std::allocator<char> > const, int> > >::rehash_and_grow_if_necessary() (raw_hash_set.h:2702)
==72637==    by 0x62FD583: absl::container_internal::raw_hash_set<absl::container_internal::FlatHashMapPolicy<std::__cxx11::basic_string<char, std::char_traits<char>, std::allocator<char> >, int>, absl::container_internal::StringHash, absl::container_internal::StringEq, std::allocator<std::pair<std::__cxx11::basic_string<char, std::char_traits<char>, std::allocator<char> > const, int> > >::prepare_insert(unsigned long) (raw_hash_set.h:2798)
==72637==    by 0x62FC8EB: std::pair<unsigned long, bool> absl::container_internal::raw_hash_set<absl::container_internal::FlatHashMapPolicy<std::__cxx11::basic_string<char, std::char_traits<char>, std::allocator<char> >, int>, absl::container_internal::StringHash, absl::container_internal::StringEq, std::allocator<std::pair<std::__cxx11::basic_string<char, std::char_traits<char>, std::allocator<char> > const, int> > >::find_or_prepare_insert<std::__cxx11::basic_string<char, std::char_traits<char>, std::allocator<char> > >(std::__cxx11::basic_string<char, std::char_traits<char>, std::allocator<char> > const&) (raw_hash_set.h:2779)
==72637==    by 0x62FB80F: std::pair<absl::container_internal::raw_hash_set<absl::container_internal::FlatHashMapPolicy<std::__cxx11::basic_string<char, std::char_traits<char>, std::allocator<char> >, int>, absl::container_internal::StringHash, absl::container_internal::StringEq, std::allocator<std::pair<std::__cxx11::basic_string<char, std::char_traits<char>, std::allocator<char> > const, int> > >::iterator, bool> absl::container_internal::raw_hash_map<absl::container_internal::FlatHashMapPolicy<std::__cxx11::basic_string<char, std::char_traits<char>, std::allocator<char> >, int>, absl::container_internal::StringHash, absl::container_internal::StringEq, std::allocator<std::pair<std::__cxx11::basic_string<char, std::char_traits<char>, std::allocator<char> > const, int> > >::try_emplace_impl<std::__cxx11::basic_string<char, std::char_traits<char>, std::allocator<char> > const&>(std::__cxx11::basic_string<char, std::char_traits<char>, std::allocator<char> > const&) (raw_hash_map.h:204)
==72637==    by 0x62FA9CF: std::pair<absl::container_internal::raw_hash_set<absl::container_internal::FlatHashMapPolicy<std::__cxx11::basic_string<char, std::char_traits<char>, std::allocator<char> >, int>, absl::container_internal::StringHash, absl::container_internal::StringEq, std::allocator<std::pair<std::__cxx11::basic_string<char, std::char_traits<char>, std::allocator<char> > const, int> > >::iterator, bool> absl::container_internal::raw_hash_map<absl::container_internal::FlatHashMapPolicy<std::__cxx11::basic_string<char, std::char_traits<char>, std::allocator<char> >, int>, absl::container_internal::StringHash, absl::container_internal::StringEq, std::allocator<std::pair<std::__cxx11::basic_string<char, std::char_traits<char>, std::allocator<char> > const, int> > >::try_emplace<std::__cxx11::basic_string<char, std::char_traits<char>, std::allocator<char> >, , 0>(std::__cxx11::basic_string<char, std::char_traits<char>, std::allocator<char> > const&) (raw_hash_map.h:141)
==72637== 
==72637== 72 bytes in 1 blocks are possibly lost in loss record 915 of 1,423
==72637==    at 0x4885828: operator new(unsigned long) (vg_replace_malloc.c:422)
==72637==    by 0x6DF3FE7: std::__new_allocator<mediapipe::tool::FieldDescriptor>::allocate(unsigned long, void const*) (new_allocator.h:137)
==72637==    by 0x6DF1FFB: std::allocator_traits<std::allocator<mediapipe::tool::FieldDescriptor> >::allocate(std::allocator<mediapipe::tool::FieldDescriptor>&, unsigned long) (alloc_traits.h:464)
==72637==    by 0x6DF0553: std::_Vector_base<mediapipe::tool::FieldDescriptor, std::allocator<mediapipe::tool::FieldDescriptor> >::_M_allocate(unsigned long) (stl_vector.h:378)
==72637==    by 0x6DEF8B7: void std::vector<mediapipe::tool::FieldDescriptor, std::allocator<mediapipe::tool::FieldDescriptor> >::_M_realloc_insert<mediapipe::tool::FieldDescriptor const&>(__gnu_cxx::__normal_iterator<mediapipe::tool::FieldDescriptor*, std::vector<mediapipe::tool::FieldDescriptor, std::allocator<mediapipe::tool::FieldDescriptor> > >, mediapipe::tool::FieldDescriptor const&) (vector.tcc:453)
==72637==    by 0x6DEE7BF: std::vector<mediapipe::tool::FieldDescriptor, std::allocator<mediapipe::tool::FieldDescriptor> >::push_back(mediapipe::tool::FieldDescriptor const&) (stl_vector.h:1287)
==72637==    by 0x6DECE2B: mediapipe::tool::OptionsRegistry::Register(mediapipe::FieldData const&, std::__cxx11::basic_string<char, std::char_traits<char>, std::allocator<char> > const&) (options_registry.cc:138)
==72637==    by 0x6DEC9EF: mediapipe::tool::OptionsRegistry::Register(mediapipe::FieldData const&) (options_registry.cc:113)
==72637==    by 0x63114F3: __static_initialization_and_destruction_0(int, int) (inference_calculator_options_lib.cc:45)
==72637==    by 0x63115A3: _GLOBAL__sub_I_inference_calculator_options_lib.cc (inference_calculator_options_lib.cc:49)
==72637==    by 0x4004447: call_init (dl-init.c:74)
==72637==    by 0x4004447: call_init (dl-init.c:26)
==72637==    by 0x4004553: _dl_init (dl-init.c:121)
==72637== 
==72637== 72 bytes in 1 blocks are possibly lost in loss record 916 of 1,423
==72637==    at 0x4885828: operator new(unsigned long) (vg_replace_malloc.c:422)
==72637==    by 0x6CD251B: std::__detail::_MakeUniq<mediapipe::CalculatorGraph::GraphInputStream>::__single_object std::make_unique<mediapipe::CalculatorGraph::GraphInputStream, mediapipe::OutputStreamManager*>(mediapipe::OutputStreamManager*&&) (unique_ptr.h:1065)
==72637==    by 0x6CC4BF7: mediapipe::CalculatorGraph::InitializeStreams() (calculator_graph.cc:267)
==72637==    by 0x6CC6323: mediapipe::CalculatorGraph::Initialize(std::unique_ptr<mediapipe::ValidatedGraphConfig, std::default_delete<mediapipe::ValidatedGraphConfig> >, std::map<std::__cxx11::basic_string<char, std::char_traits<char>, std::allocator<char> >, mediapipe::Packet, std::less<std::__cxx11::basic_string<char, std::char_traits<char>, std::allocator<char> > >, std::allocator<std::pair<std::__cxx11::basic_string<char, std::char_traits<char>, std::allocator<char> > const, mediapipe::Packet> > > const&) (calculator_graph.cc:489)
==72637==    by 0x6CC68BB: mediapipe::CalculatorGraph::Initialize(mediapipe::CalculatorGraphConfig, std::map<std::__cxx11::basic_string<char, std::char_traits<char>, std::allocator<char> >, mediapipe::Packet, std::less<std::__cxx11::basic_string<char, std::char_traits<char>, std::allocator<char> > >, std::allocator<std::pair<std::__cxx11::basic_string<char, std::char_traits<char>, std::allocator<char> > const, mediapipe::Packet> > > const&) (calculator_graph.cc:529)
==72637==    by 0x6CC675B: mediapipe::CalculatorGraph::Initialize(mediapipe::CalculatorGraphConfig) (calculator_graph.cc:519)
==72637==    by 0x620D403: GraphInit (hand_tracking_tpu_lib.cc:59)
==72637==    by 0x428777: main (hand_tracking_tpu_client.cc:88)
==72637== 
==72637== 80 bytes in 1 blocks are possibly lost in loss record 985 of 1,423
==72637==    at 0x4885828: operator new(unsigned long) (vg_replace_malloc.c:422)
==72637==    by 0x621DC67: std::__new_allocator<absl::container_internal::AlignedType<8ul> >::allocate(unsigned long, void const*) (new_allocator.h:137)
==72637==    by 0x621D5BF: std::allocator_traits<std::allocator<absl::container_internal::AlignedType<8ul> > >::allocate(std::allocator<absl::container_internal::AlignedType<8ul> >&, unsigned long) (alloc_traits.h:464)
==72637==    by 0x621CB8F: void* absl::container_internal::Allocate<8ul, std::allocator<char> >(std::allocator<char>*, unsigned long) (container_memory.h:65)
==72637==    by 0x6DF7D23: void absl::container_internal::InitializeSlots<std::allocator<char>, 56ul, 8ul>(absl::container_internal::CommonFields&, std::allocator<char>) (raw_hash_set.h:1488)
==72637==    by 0x6DF6EFB: absl::container_internal::raw_hash_set<absl::container_internal::FlatHashMapPolicy<std::__cxx11::basic_string<char, std::char_traits<char>, std::allocator<char> >, std::vector<mediapipe::tool::FieldDescriptor, std::allocator<mediapipe::tool::FieldDescriptor> > >, absl::container_internal::StringHash, absl::container_internal::StringEq, std::allocator<std::pair<std::__cxx11::basic_string<char, std::char_traits<char>, std::allocator<char> > const, std::vector<mediapipe::tool::FieldDescriptor, std::allocator<mediapipe::tool::FieldDescriptor> > > > >::initialize_slots() (raw_hash_set.h:2602)
==72637==    by 0x6DF5F1F: absl::container_internal::raw_hash_set<absl::container_internal::FlatHashMapPolicy<std::__cxx11::basic_string<char, std::char_traits<char>, std::allocator<char> >, std::vector<mediapipe::tool::FieldDescriptor, std::allocator<mediapipe::tool::FieldDescriptor> > >, absl::container_internal::StringHash, absl::container_internal::StringEq, std::allocator<std::pair<std::__cxx11::basic_string<char, std::char_traits<char>, std::allocator<char> > const, std::vector<mediapipe::tool::FieldDescriptor, std::allocator<mediapipe::tool::FieldDescriptor> > > > >::resize(unsigned long) (raw_hash_set.h:2613)
==72637==    by 0x6DF619F: absl::container_internal::raw_hash_set<absl::container_internal::FlatHashMapPolicy<std::__cxx11::basic_string<char, std::char_traits<char>, std::allocator<char> >, std::vector<mediapipe::tool::FieldDescriptor, std::allocator<mediapipe::tool::FieldDescriptor> > >, absl::container_internal::StringHash, absl::container_internal::StringEq, std::allocator<std::pair<std::__cxx11::basic_string<char, std::char_traits<char>, std::allocator<char> > const, std::vector<mediapipe::tool::FieldDescriptor, std::allocator<mediapipe::tool::FieldDescriptor> > > > >::rehash_and_grow_if_necessary() (raw_hash_set.h:2702)
==72637==    by 0x6DF4B1F: absl::container_internal::raw_hash_set<absl::container_internal::FlatHashMapPolicy<std::__cxx11::basic_string<char, std::char_traits<char>, std::allocator<char> >, std::vector<mediapipe::tool::FieldDescriptor, std::allocator<mediapipe::tool::FieldDescriptor> > >, absl::container_internal::StringHash, absl::container_internal::StringEq, std::allocator<std::pair<std::__cxx11::basic_string<char, std::char_traits<char>, std::allocator<char> > const, std::vector<mediapipe::tool::FieldDescriptor, std::allocator<mediapipe::tool::FieldDescriptor> > > > >::prepare_insert(unsigned long) (raw_hash_set.h:2798)
==72637==    by 0x6DF2EA3: std::pair<unsigned long, bool> absl::container_internal::raw_hash_set<absl::container_internal::FlatHashMapPolicy<std::__cxx11::basic_string<char, std::char_traits<char>, std::allocator<char> >, std::vector<mediapipe::tool::FieldDescriptor, std::allocator<mediapipe::tool::FieldDescriptor> > >, absl::container_internal::StringHash, absl::container_internal::StringEq, std::allocator<std::pair<std::__cxx11::basic_string<char, std::char_traits<char>, std::allocator<char> > const, std::vector<mediapipe::tool::FieldDescriptor, std::allocator<mediapipe::tool::FieldDescriptor> > > > >::find_or_prepare_insert<std::__cxx11::basic_string<char, std::char_traits<char>, std::allocator<char> > >(std::__cxx11::basic_string<char, std::char_traits<char>, std::allocator<char> > const&) (raw_hash_set.h:2779)
==72637==    by 0x6DF0EB7: std::pair<absl::container_internal::raw_hash_set<absl::container_internal::FlatHashMapPolicy<std::__cxx11::basic_string<char, std::char_traits<char>, std::allocator<char> >, std::vector<mediapipe::tool::FieldDescriptor, std::allocator<mediapipe::tool::FieldDescriptor> > >, absl::container_internal::StringHash, absl::container_internal::StringEq, std::allocator<std::pair<std::__cxx11::basic_string<char, std::char_traits<char>, std::allocator<char> > const, std::vector<mediapipe::tool::FieldDescriptor, std::allocator<mediapipe::tool::FieldDescriptor> > > > >::iterator, bool> absl::container_internal::raw_hash_map<absl::container_internal::FlatHashMapPolicy<std::__cxx11::basic_string<char, std::char_traits<char>, std::allocator<char> >, std::vector<mediapipe::tool::FieldDescriptor, std::allocator<mediapipe::tool::FieldDescriptor> > >, absl::container_internal::StringHash, absl::container_internal::StringEq, std::allocator<std::pair<std::__cxx11::basic_string<char, std::char_traits<char>, std::allocator<char> > const, std::vector<mediapipe::tool::FieldDescriptor, std::allocator<mediapipe::tool::FieldDescriptor> > > > >::try_emplace_impl<std::__cxx11::basic_string<char, std::char_traits<char>, std::allocator<char> >>(std::__cxx11::basic_string<char, std::char_traits<char>, std::allocator<char> >&&) (raw_hash_map.h:204)
==72637==    by 0x6DEF787: std::pair<absl::container_internal::raw_hash_set<absl::container_internal::FlatHashMapPolicy<std::__cxx11::basic_string<char, std::char_traits<char>, std::allocator<char> >, std::vector<mediapipe::tool::FieldDescriptor, std::allocator<mediapipe::tool::FieldDescriptor> > >, absl::container_internal::StringHash, absl::container_internal::StringEq, std::allocator<std::pair<std::__cxx11::basic_string<char, std::char_traits<char>, std::allocator<char> > const, std::vector<mediapipe::tool::FieldDescriptor, std::allocator<mediapipe::tool::FieldDescriptor> > > > >::iterator, bool> absl::container_internal::raw_hash_map<absl::container_internal::FlatHashMapPolicy<std::__cxx11::basic_string<char, std::char_traits<char>, std::allocator<char> >, std::vector<mediapipe::tool::FieldDescriptor, std::allocator<mediapipe::tool::FieldDescriptor> > >, absl::container_internal::StringHash, absl::container_internal::StringEq, std::allocator<std::pair<std::__cxx11::basic_string<char, std::char_traits<char>, std::allocator<char> > const, std::vector<mediapipe::tool::FieldDescriptor, std::allocator<mediapipe::tool::FieldDescriptor> > > > >::try_emplace<std::__cxx11::basic_string<char, std::char_traits<char>, std::allocator<char> >, , 0, (std::__cxx11::basic_string<char, std::char_traits<char>, std::allocator<char> >*)0>(std::__cxx11::basic_string<char, std::char_traits<char>, std::allocator<char> >&&) (raw_hash_map.h:133)
==72637== 
==72637== 88 bytes in 1 blocks are possibly lost in loss record 1,009 of 1,423
==72637==    at 0x4885828: operator new(unsigned long) (vg_replace_malloc.c:422)
==72637==    by 0x621DC67: std::__new_allocator<absl::container_internal::AlignedType<8ul> >::allocate(unsigned long, void const*) (new_allocator.h:137)
==72637==    by 0x621D5BF: std::allocator_traits<std::allocator<absl::container_internal::AlignedType<8ul> > >::allocate(std::allocator<absl::container_internal::AlignedType<8ul> >&, unsigned long) (alloc_traits.h:464)
==72637==    by 0x621CB8F: void* absl::container_internal::Allocate<8ul, std::allocator<char> >(std::allocator<char>*, unsigned long) (container_memory.h:65)
==72637==    by 0x621DE8B: void absl::container_internal::InitializeSlots<std::allocator<char>, 64ul, 8ul>(absl::container_internal::CommonFields&, std::allocator<char>) (raw_hash_set.h:1488)
==72637==    by 0x6D168B7: absl::container_internal::raw_hash_set<absl::container_internal::FlatHashMapPolicy<std::__cxx11::basic_string<char, std::char_traits<char>, std::allocator<char> >, std::function<absl::StatusOr<mediapipe::Executor*> (mediapipe::MediaPipeOptions const&)> >, absl::container_internal::StringHash, absl::container_internal::StringEq, std::allocator<std::pair<std::__cxx11::basic_string<char, std::char_traits<char>, std::allocator<char> > const, std::function<absl::StatusOr<mediapipe::Executor*> (mediapipe::MediaPipeOptions const&)> > > >::initialize_slots() (raw_hash_set.h:2602)
==72637==    by 0x6D164F3: absl::container_internal::raw_hash_set<absl::container_internal::FlatHashMapPolicy<std::__cxx11::basic_string<char, std::char_traits<char>, std::allocator<char> >, std::function<absl::StatusOr<mediapipe::Executor*> (mediapipe::MediaPipeOptions const&)> >, absl::container_internal::StringHash, absl::container_internal::StringEq, std::allocator<std::pair<std::__cxx11::basic_string<char, std::char_traits<char>, std::allocator<char> > const, std::function<absl::StatusOr<mediapipe::Executor*> (mediapipe::MediaPipeOptions const&)> > > >::resize(unsigned long) (raw_hash_set.h:2613)
==72637==    by 0x6D16737: absl::container_internal::raw_hash_set<absl::container_internal::FlatHashMapPolicy<std::__cxx11::basic_string<char, std::char_traits<char>, std::allocator<char> >, std::function<absl::StatusOr<mediapipe::Executor*> (mediapipe::MediaPipeOptions const&)> >, absl::container_internal::StringHash, absl::container_internal::StringEq, std::allocator<std::pair<std::__cxx11::basic_string<char, std::char_traits<char>, std::allocator<char> > const, std::function<absl::StatusOr<mediapipe::Executor*> (mediapipe::MediaPipeOptions const&)> > > >::rehash_and_grow_if_necessary() (raw_hash_set.h:2702)
==72637==    by 0x6D16267: absl::container_internal::raw_hash_set<absl::container_internal::FlatHashMapPolicy<std::__cxx11::basic_string<char, std::char_traits<char>, std::allocator<char> >, std::function<absl::StatusOr<mediapipe::Executor*> (mediapipe::MediaPipeOptions const&)> >, absl::container_internal::StringHash, absl::container_internal::StringEq, std::allocator<std::pair<std::__cxx11::basic_string<char, std::char_traits<char>, std::allocator<char> > const, std::function<absl::StatusOr<mediapipe::Executor*> (mediapipe::MediaPipeOptions const&)> > > >::prepare_insert(unsigned long) (raw_hash_set.h:2798)
==72637==    by 0x6D15E67: std::pair<unsigned long, bool> absl::container_internal::raw_hash_set<absl::container_internal::FlatHashMapPolicy<std::__cxx11::basic_string<char, std::char_traits<char>, std::allocator<char> >, std::function<absl::StatusOr<mediapipe::Executor*> (mediapipe::MediaPipeOptions const&)> >, absl::container_internal::StringHash, absl::container_internal::StringEq, std::allocator<std::pair<std::__cxx11::basic_string<char, std::char_traits<char>, std::allocator<char> > const, std::function<absl::StatusOr<mediapipe::Executor*> (mediapipe::MediaPipeOptions const&)> > > >::find_or_prepare_insert<std::__cxx11::basic_string<char, std::char_traits<char>, std::allocator<char> > >(std::__cxx11::basic_string<char, std::char_traits<char>, std::allocator<char> > const&) (raw_hash_set.h:2779)
==72637==    by 0x6D15B7B: std::pair<absl::container_internal::raw_hash_set<absl::container_internal::FlatHashMapPolicy<std::__cxx11::basic_string<char, std::char_traits<char>, std::allocator<char> >, std::function<absl::StatusOr<mediapipe::Executor*> (mediapipe::MediaPipeOptions const&)> >, absl::container_internal::StringHash, absl::container_internal::StringEq, std::allocator<std::pair<std::__cxx11::basic_string<char, std::char_traits<char>, std::allocator<char> > const, std::function<absl::StatusOr<mediapipe::Executor*> (mediapipe::MediaPipeOptions const&)> > > >::iterator, bool> absl::container_internal::raw_hash_set<absl::container_internal::FlatHashMapPolicy<std::__cxx11::basic_string<char, std::char_traits<char>, std::allocator<char> >, std::function<absl::StatusOr<mediapipe::Executor*> (mediapipe::MediaPipeOptions const&)> >, absl::container_internal::StringHash, absl::container_internal::StringEq, std::allocator<std::pair<std::__cxx11::basic_string<char, std::char_traits<char>, std::allocator<char> > const, std::function<absl::StatusOr<mediapipe::Executor*> (mediapipe::MediaPipeOptions const&)> > > >::EmplaceDecomposable::operator()<std::__cxx11::basic_string<char, std::char_traits<char>, std::allocator<char> >, std::piecewise_construct_t const&, std::tuple<std::__cxx11::basic_string<char, std::char_traits<char>, std::allocator<char> >&&>, std::tuple<std::function<absl::StatusOr<mediapipe::Executor*> (mediapipe::MediaPipeOptions const&)>&&> >(std::__cxx11::basic_string<char, std::char_traits<char>, std::allocator<char> > const&, std::piecewise_construct_t const&, std::tuple<std::__cxx11::basic_string<char, std::char_traits<char>, std::allocator<char> >&&>&&, std::tuple<std::function<absl::StatusOr<mediapipe::Executor*> (mediapipe::MediaPipeOptions const&)>&&>&&) const (raw_hash_set.h:2529)
==72637==    by 0x6D15A5B: decltype (((declval<absl::container_internal::raw_hash_set<absl::container_internal::FlatHashMapPolicy<std::__cxx11::basic_string<char, std::char_traits<char>, std::allocator<char> >, std::function<absl::StatusOr<mediapipe::Executor*> (mediapipe::MediaPipeOptions const&)> >, absl::container_internal::StringHash, absl::container_internal::StringEq, std::allocator<std::pair<std::__cxx11::basic_string<char, std::char_traits<char>, std::allocator<char> > const, std::function<absl::StatusOr<mediapipe::Executor*> (mediapipe::MediaPipeOptions const&)> > > >::EmplaceDecomposable>)())((declval<std::__cxx11::basic_string<char, std::char_traits<char>, std::allocator<char> >&& const&>)(), std::piecewise_construct, (declval<std::tuple<std::__cxx11::basic_string<char, std::char_traits<char>, std::allocator<char> >&&> >)(), (declval<std::tuple<std::function<absl::StatusOr<mediapipe::Executor*> (mediapipe::MediaPipeOptions const&)>&&> >)())) absl::container_internal::memory_internal::DecomposePairImpl<absl::container_internal::raw_hash_set<absl::container_internal::FlatHashMapPolicy<std::__cxx11::basic_string<char, std::char_traits<char>, std::allocator<char> >, std::function<absl::StatusOr<mediapipe::Executor*> (mediapipe::MediaPipeOptions const&)> >, absl::container_internal::StringHash, absl::container_internal::StringEq, std::allocator<std::pair<std::__cxx11::basic_string<char, std::char_traits<char>, std::allocator<char> > const, std::function<absl::StatusOr<mediapipe::Executor*> (mediapipe::MediaPipeOptions const&)> > > >::EmplaceDecomposable, std::__cxx11::basic_string<char, std::char_traits<char>, std::allocator<char> >&&, std::tuple<std::function<absl::StatusOr<mediapipe::Executor*> (mediapipe::MediaPipeOptions const&)>&&> >(absl::container_internal::raw_hash_set<absl::container_internal::FlatHashMapPolicy<std::__cxx11::basic_string<char, std::char_traits<char>, std::allocator<char> >, std::function<absl::StatusOr<mediapipe::Executor*> (mediapipe::MediaPipeOptions const&)> >, absl::container_internal::StringHash, absl::container_internal::StringEq, std::allocator<std::pair<std::__cxx11::basic_string<char, std::char_traits<char>, std::allocator<char> > const, std::function<absl::StatusOr<mediapipe::Executor*> (mediapipe::MediaPipeOptions const&)> > > >::EmplaceDecomposable&&, std::pair<std::tuple<std::__cxx11::basic_string<char, std::char_traits<char>, std::allocator<char> >&&>, std::tuple<std::function<absl::StatusOr<mediapipe::Executor*> (mediapipe::MediaPipeOptions const&)>&&> >) (container_memory.h:140)
==72637== 
==72637== 88 bytes in 1 blocks are possibly lost in loss record 1,010 of 1,423
==72637==    at 0x4885828: operator new(unsigned long) (vg_replace_malloc.c:422)
==72637==    by 0x621DC67: std::__new_allocator<absl::container_internal::AlignedType<8ul> >::allocate(unsigned long, void const*) (new_allocator.h:137)
==72637==    by 0x621D5BF: std::allocator_traits<std::allocator<absl::container_internal::AlignedType<8ul> > >::allocate(std::allocator<absl::container_internal::AlignedType<8ul> >&, unsigned long) (alloc_traits.h:464)
==72637==    by 0x621CB8F: void* absl::container_internal::Allocate<8ul, std::allocator<char> >(std::allocator<char>*, unsigned long) (container_memory.h:65)
==72637==    by 0x621DE8B: void absl::container_internal::InitializeSlots<std::allocator<char>, 64ul, 8ul>(absl::container_internal::CommonFields&, std::allocator<char>) (raw_hash_set.h:1488)
==72637==    by 0x6D446B3: absl::container_internal::raw_hash_set<absl::container_internal::FlatHashMapPolicy<std::__cxx11::basic_string<char, std::char_traits<char>, std::allocator<char> >, std::function<std::unique_ptr<mediapipe::OutputStreamHandler, std::default_delete<mediapipe::OutputStreamHandler> > (std::shared_ptr<mediapipe::tool::TagMap>, mediapipe::CalculatorContextManager*, mediapipe::MediaPipeOptions const&, bool)> >, absl::container_internal::StringHash, absl::container_internal::StringEq, std::allocator<std::pair<std::__cxx11::basic_string<char, std::char_traits<char>, std::allocator<char> > const, std::function<std::unique_ptr<mediapipe::OutputStreamHandler, std::default_delete<mediapipe::OutputStreamHandler> > (std::shared_ptr<mediapipe::tool::TagMap>, mediapipe::CalculatorContextManager*, mediapipe::MediaPipeOptions const&, bool)> > > >::initialize_slots() (raw_hash_set.h:2602)
==72637==    by 0x6D442EF: absl::container_internal::raw_hash_set<absl::container_internal::FlatHashMapPolicy<std::__cxx11::basic_string<char, std::char_traits<char>, std::allocator<char> >, std::function<std::unique_ptr<mediapipe::OutputStreamHandler, std::default_delete<mediapipe::OutputStreamHandler> > (std::shared_ptr<mediapipe::tool::TagMap>, mediapipe::CalculatorContextManager*, mediapipe::MediaPipeOptions const&, bool)> >, absl::container_internal::StringHash, absl::container_internal::StringEq, std::allocator<std::pair<std::__cxx11::basic_string<char, std::char_traits<char>, std::allocator<char> > const, std::function<std::unique_ptr<mediapipe::OutputStreamHandler, std::default_delete<mediapipe::OutputStreamHandler> > (std::shared_ptr<mediapipe::tool::TagMap>, mediapipe::CalculatorContextManager*, mediapipe::MediaPipeOptions const&, bool)> > > >::resize(unsigned long) (raw_hash_set.h:2613)
==72637==    by 0x6D44533: absl::container_internal::raw_hash_set<absl::container_internal::FlatHashMapPolicy<std::__cxx11::basic_string<char, std::char_traits<char>, std::allocator<char> >, std::function<std::unique_ptr<mediapipe::OutputStreamHandler, std::default_delete<mediapipe::OutputStreamHandler> > (std::shared_ptr<mediapipe::tool::TagMap>, mediapipe::CalculatorContextManager*, mediapipe::MediaPipeOptions const&, bool)> >, absl::container_internal::StringHash, absl::container_internal::StringEq, std::allocator<std::pair<std::__cxx11::basic_string<char, std::char_traits<char>, std::allocator<char> > const, std::function<std::unique_ptr<mediapipe::OutputStreamHandler, std::default_delete<mediapipe::OutputStreamHandler> > (std::shared_ptr<mediapipe::tool::TagMap>, mediapipe::CalculatorContextManager*, mediapipe::MediaPipeOptions const&, bool)> > > >::rehash_and_grow_if_necessary() (raw_hash_set.h:2702)
==72637==    by 0x6D44063: absl::container_internal::raw_hash_set<absl::container_internal::FlatHashMapPolicy<std::__cxx11::basic_string<char, std::char_traits<char>, std::allocator<char> >, std::function<std::unique_ptr<mediapipe::OutputStreamHandler, std::default_delete<mediapipe::OutputStreamHandler> > (std::shared_ptr<mediapipe::tool::TagMap>, mediapipe::CalculatorContextManager*, mediapipe::MediaPipeOptions const&, bool)> >, absl::container_internal::StringHash, absl::container_internal::StringEq, std::allocator<std::pair<std::__cxx11::basic_string<char, std::char_traits<char>, std::allocator<char> > const, std::function<std::unique_ptr<mediapipe::OutputStreamHandler, std::default_delete<mediapipe::OutputStreamHandler> > (std::shared_ptr<mediapipe::tool::TagMap>, mediapipe::CalculatorContextManager*, mediapipe::MediaPipeOptions const&, bool)> > > >::prepare_insert(unsigned long) (raw_hash_set.h:2798)
==72637==    by 0x6D43C63: std::pair<unsigned long, bool> absl::container_internal::raw_hash_set<absl::container_internal::FlatHashMapPolicy<std::__cxx11::basic_string<char, std::char_traits<char>, std::allocator<char> >, std::function<std::unique_ptr<mediapipe::OutputStreamHandler, std::default_delete<mediapipe::OutputStreamHandler> > (std::shared_ptr<mediapipe::tool::TagMap>, mediapipe::CalculatorContextManager*, mediapipe::MediaPipeOptions const&, bool)> >, absl::container_internal::StringHash, absl::container_internal::StringEq, std::allocator<std::pair<std::__cxx11::basic_string<char, std::char_traits<char>, std::allocator<char> > const, std::function<std::unique_ptr<mediapipe::OutputStreamHandler, std::default_delete<mediapipe::OutputStreamHandler> > (std::shared_ptr<mediapipe::tool::TagMap>, mediapipe::CalculatorContextManager*, mediapipe::MediaPipeOptions const&, bool)> > > >::find_or_prepare_insert<std::__cxx11::basic_string<char, std::char_traits<char>, std::allocator<char> > >(std::__cxx11::basic_string<char, std::char_traits<char>, std::allocator<char> > const&) (raw_hash_set.h:2779)
==72637==    by 0x6D4395F: std::pair<absl::container_internal::raw_hash_set<absl::container_internal::FlatHashMapPolicy<std::__cxx11::basic_string<char, std::char_traits<char>, std::allocator<char> >, std::function<std::unique_ptr<mediapipe::OutputStreamHandler, std::default_delete<mediapipe::OutputStreamHandler> > (std::shared_ptr<mediapipe::tool::TagMap>, mediapipe::CalculatorContextManager*, mediapipe::MediaPipeOptions const&, bool)> >, absl::container_internal::StringHash, absl::container_internal::StringEq, std::allocator<std::pair<std::__cxx11::basic_string<char, std::char_traits<char>, std::allocator<char> > const, std::function<std::unique_ptr<mediapipe::OutputStreamHandler, std::default_delete<mediapipe::OutputStreamHandler> > (std::shared_ptr<mediapipe::tool::TagMap>, mediapipe::CalculatorContextManager*, mediapipe::MediaPipeOptions const&, bool)> > > >::iterator, bool> absl::container_internal::raw_hash_set<absl::container_internal::FlatHashMapPolicy<std::__cxx11::basic_string<char, std::char_traits<char>, std::allocator<char> >, std::function<std::unique_ptr<mediapipe::OutputStreamHandler, std::default_delete<mediapipe::OutputStreamHandler> > (std::shared_ptr<mediapipe::tool::TagMap>, mediapipe::CalculatorContextManager*, mediapipe::MediaPipeOptions const&, bool)> >, absl::container_internal::StringHash, absl::container_internal::StringEq, std::allocator<std::pair<std::__cxx11::basic_string<char, std::char_traits<char>, std::allocator<char> > const, std::function<std::unique_ptr<mediapipe::OutputStreamHandler, std::default_delete<mediapipe::OutputStreamHandler> > (std::shared_ptr<mediapipe::tool::TagMap>, mediapipe::CalculatorContextManager*, mediapipe::MediaPipeOptions const&, bool)> > > >::EmplaceDecomposable::operator()<std::__cxx11::basic_string<char, std::char_traits<char>, std::allocator<char> >, std::piecewise_construct_t const&, std::tuple<std::__cxx11::basic_string<char, std::char_traits<char>, std::allocator<char> >&&>, std::tuple<std::function<std::unique_ptr<mediapipe::OutputStreamHandler, std::default_delete<mediapipe::OutputStreamHandler> > (std::shared_ptr<mediapipe::tool::TagMap>, mediapipe::CalculatorContextManager*, mediapipe::MediaPipeOptions const&, bool)>&&> >(std::__cxx11::basic_string<char, std::char_traits<char>, std::allocator<char> > const&, std::piecewise_construct_t const&, std::tuple<std::__cxx11::basic_string<char, std::char_traits<char>, std::allocator<char> >&&>&&, std::tuple<std::function<std::unique_ptr<mediapipe::OutputStreamHandler, std::default_delete<mediapipe::OutputStreamHandler> > (std::shared_ptr<mediapipe::tool::TagMap>, mediapipe::CalculatorContextManager*, mediapipe::MediaPipeOptions const&, bool)>&&>&&) const (raw_hash_set.h:2529)
==72637==    by 0x6D43803: decltype (((declval<absl::container_internal::raw_hash_set<absl::container_internal::FlatHashMapPolicy<std::__cxx11::basic_string<char, std::char_traits<char>, std::allocator<char> >, std::function<std::unique_ptr<mediapipe::OutputStreamHandler, std::default_delete<mediapipe::OutputStreamHandler> > (std::shared_ptr<mediapipe::tool::TagMap>, mediapipe::CalculatorContextManager*, mediapipe::MediaPipeOptions const&, bool)> >, absl::container_internal::StringHash, absl::container_internal::StringEq, std::allocator<std::pair<std::__cxx11::basic_string<char, std::char_traits<char>, std::allocator<char> > const, std::function<std::unique_ptr<mediapipe::OutputStreamHandler, std::default_delete<mediapipe::OutputStreamHandler> > (std::shared_ptr<mediapipe::tool::TagMap>, mediapipe::CalculatorContextManager*, mediapipe::MediaPipeOptions const&, bool)> > > >::EmplaceDecomposable>)())((declval<std::__cxx11::basic_string<char, std::char_traits<char>, std::allocator<char> >&& const&>)(), std::piecewise_construct, (declval<std::tuple<std::__cxx11::basic_string<char, std::char_traits<char>, std::allocator<char> >&&> >)(), (declval<std::tuple<std::function<std::unique_ptr<mediapipe::OutputStreamHandler, std::default_delete<mediapipe::OutputStreamHandler> > (std::shared_ptr<mediapipe::tool::TagMap>, mediapipe::CalculatorContextManager*, mediapipe::MediaPipeOptions const&, bool)>&&> >)())) absl::container_internal::memory_internal::DecomposePairImpl<absl::container_internal::raw_hash_set<absl::container_internal::FlatHashMapPolicy<std::__cxx11::basic_string<char, std::char_traits<char>, std::allocator<char> >, std::function<std::unique_ptr<mediapipe::OutputStreamHandler, std::default_delete<mediapipe::OutputStreamHandler> > (std::shared_ptr<mediapipe::tool::TagMap>, mediapipe::CalculatorContextManager*, mediapipe::MediaPipeOptions const&, bool)> >, absl::container_internal::StringHash, absl::container_internal::StringEq, std::allocator<std::pair<std::__cxx11::basic_string<char, std::char_traits<char>, std::allocator<char> > const, std::function<std::unique_ptr<mediapipe::OutputStreamHandler, std::default_delete<mediapipe::OutputStreamHandler> > (std::shared_ptr<mediapipe::tool::TagMap>, mediapipe::CalculatorContextManager*, mediapipe::MediaPipeOptions const&, bool)> > > >::EmplaceDecomposable, std::__cxx11::basic_string<char, std::char_traits<char>, std::allocator<char> >&&, std::tuple<std::function<std::unique_ptr<mediapipe::OutputStreamHandler, std::default_delete<mediapipe::OutputStreamHandler> > (std::shared_ptr<mediapipe::tool::TagMap>, mediapipe::CalculatorContextManager*, mediapipe::MediaPipeOptions const&, bool)>&&> >(absl::container_internal::raw_hash_set<absl::container_internal::FlatHashMapPolicy<std::__cxx11::basic_string<char, std::char_traits<char>, std::allocator<char> >, std::function<std::unique_ptr<mediapipe::OutputStreamHandler, std::default_delete<mediapipe::OutputStreamHandler> > (std::shared_ptr<mediapipe::tool::TagMap>, mediapipe::CalculatorContextManager*, mediapipe::MediaPipeOptions const&, bool)> >, absl::container_internal::StringHash, absl::container_internal::StringEq, std::allocator<std::pair<std::__cxx11::basic_string<char, std::char_traits<char>, std::allocator<char> > const, std::function<std::unique_ptr<mediapipe::OutputStreamHandler, std::default_delete<mediapipe::OutputStreamHandler> > (std::shared_ptr<mediapipe::tool::TagMap>, mediapipe::CalculatorContextManager*, mediapipe::MediaPipeOptions const&, bool)> > > >::EmplaceDecomposable&&, std::pair<std::tuple<std::__cxx11::basic_string<char, std::char_traits<char>, std::allocator<char> >&&>, std::tuple<std::function<std::unique_ptr<mediapipe::OutputStreamHandler, std::default_delete<mediapipe::OutputStreamHandler> > (std::shared_ptr<mediapipe::tool::TagMap>, mediapipe::CalculatorContextManager*, mediapipe::MediaPipeOptions const&, bool)>&&> >) (container_memory.h:140)
==72637== 
==72637== 112 bytes in 2 blocks are possibly lost in loss record 1,088 of 1,423
==72637==    at 0x4885828: operator new(unsigned long) (vg_replace_malloc.c:422)
==72637==    by 0x621DC67: std::__new_allocator<absl::container_internal::AlignedType<8ul> >::allocate(unsigned long, void const*) (new_allocator.h:137)
==72637==    by 0x621D5BF: std::allocator_traits<std::allocator<absl::container_internal::AlignedType<8ul> > >::allocate(std::allocator<absl::container_internal::AlignedType<8ul> >&, unsigned long) (alloc_traits.h:464)
==72637==    by 0x621CB8F: void* absl::container_internal::Allocate<8ul, std::allocator<char> >(std::allocator<char>*, unsigned long) (container_memory.h:65)
==72637==    by 0x62FFC77: void absl::container_internal::InitializeSlots<std::allocator<char>, 32ul, 8ul>(absl::container_internal::CommonFields&, std::allocator<char>) (raw_hash_set.h:1488)
==72637==    by 0x651D6D3: absl::container_internal::raw_hash_set<absl::container_internal::FlatHashMapPolicy<std::basic_string_view<char, std::char_traits<char> >, mediapipe::CalculatorContract::GraphServiceRequest>, absl::container_internal::StringHash, absl::container_internal::StringEq, std::allocator<std::pair<std::basic_string_view<char, std::char_traits<char> > const, mediapipe::CalculatorContract::GraphServiceRequest> > >::initialize_slots() (raw_hash_set.h:2602)
==72637==    by 0x651CBFB: absl::container_internal::raw_hash_set<absl::container_internal::FlatHashMapPolicy<std::basic_string_view<char, std::char_traits<char> >, mediapipe::CalculatorContract::GraphServiceRequest>, absl::container_internal::StringHash, absl::container_internal::StringEq, std::allocator<std::pair<std::basic_string_view<char, std::char_traits<char> > const, mediapipe::CalculatorContract::GraphServiceRequest> > >::resize(unsigned long) (raw_hash_set.h:2613)
==72637==    by 0x651CE3F: absl::container_internal::raw_hash_set<absl::container_internal::FlatHashMapPolicy<std::basic_string_view<char, std::char_traits<char> >, mediapipe::CalculatorContract::GraphServiceRequest>, absl::container_internal::StringHash, absl::container_internal::StringEq, std::allocator<std::pair<std::basic_string_view<char, std::char_traits<char> > const, mediapipe::CalculatorContract::GraphServiceRequest> > >::rehash_and_grow_if_necessary() (raw_hash_set.h:2702)
==72637==    by 0x651C097: absl::container_internal::raw_hash_set<absl::container_internal::FlatHashMapPolicy<std::basic_string_view<char, std::char_traits<char> >, mediapipe::CalculatorContract::GraphServiceRequest>, absl::container_internal::StringHash, absl::container_internal::StringEq, std::allocator<std::pair<std::basic_string_view<char, std::char_traits<char> > const, mediapipe::CalculatorContract::GraphServiceRequest> > >::prepare_insert(unsigned long) (raw_hash_set.h:2798)
==72637==    by 0x651B64F: std::pair<unsigned long, bool> absl::container_internal::raw_hash_set<absl::container_internal::FlatHashMapPolicy<std::basic_string_view<char, std::char_traits<char> >, mediapipe::CalculatorContract::GraphServiceRequest>, absl::container_internal::StringHash, absl::container_internal::StringEq, std::allocator<std::pair<std::basic_string_view<char, std::char_traits<char> > const, mediapipe::CalculatorContract::GraphServiceRequest> > >::find_or_prepare_insert<char const*>(char const* const&) (raw_hash_set.h:2779)
==72637==    by 0x651AEEB: std::pair<absl::container_internal::raw_hash_set<absl::container_internal::FlatHashMapPolicy<std::basic_string_view<char, std::char_traits<char> >, mediapipe::CalculatorContract::GraphServiceRequest>, absl::container_internal::StringHash, absl::container_internal::StringEq, std::allocator<std::pair<std::basic_string_view<char, std::char_traits<char> > const, mediapipe::CalculatorContract::GraphServiceRequest> > >::iterator, bool> absl::container_internal::raw_hash_set<absl::container_internal::FlatHashMapPolicy<std::basic_string_view<char, std::char_traits<char> >, mediapipe::CalculatorContract::GraphServiceRequest>, absl::container_internal::StringHash, absl::container_internal::StringEq, std::allocator<std::pair<std::basic_string_view<char, std::char_traits<char> > const, mediapipe::CalculatorContract::GraphServiceRequest> > >::EmplaceDecomposable::operator()<char const*, std::piecewise_construct_t const&, std::tuple<char const* const&>, std::tuple<mediapipe::GraphServiceBase const&> >(char const* const&, std::piecewise_construct_t const&, std::tuple<char const* const&>&&, std::tuple<mediapipe::GraphServiceBase const&>&&) const (raw_hash_set.h:2529)
==72637==    by 0x651A6E7: decltype (((declval<absl::container_internal::raw_hash_set<absl::container_internal::FlatHashMapPolicy<std::basic_string_view<char, std::char_traits<char> >, mediapipe::CalculatorContract::GraphServiceRequest>, absl::container_internal::StringHash, absl::container_internal::StringEq, std::allocator<std::pair<std::basic_string_view<char, std::char_traits<char> > const, mediapipe::CalculatorContract::GraphServiceRequest> > >::EmplaceDecomposable>)())((declval<char const* const& const&>)(), std::piecewise_construct, (declval<std::tuple<char const* const&> >)(), (declval<std::tuple<mediapipe::GraphServiceBase const&> >)())) absl::container_internal::memory_internal::DecomposePairImpl<absl::container_internal::raw_hash_set<absl::container_internal::FlatHashMapPolicy<std::basic_string_view<char, std::char_traits<char> >, mediapipe::CalculatorContract::GraphServiceRequest>, absl::container_internal::StringHash, absl::container_internal::StringEq, std::allocator<std::pair<std::basic_string_view<char, std::char_traits<char> > const, mediapipe::CalculatorContract::GraphServiceRequest> > >::EmplaceDecomposable, char const* const&, std::tuple<mediapipe::GraphServiceBase const&> >(absl::container_internal::raw_hash_set<absl::container_internal::FlatHashMapPolicy<std::basic_string_view<char, std::char_traits<char> >, mediapipe::CalculatorContract::GraphServiceRequest>, absl::container_internal::StringHash, absl::container_internal::StringEq, std::allocator<std::pair<std::basic_string_view<char, std::char_traits<char> > const, mediapipe::CalculatorContract::GraphServiceRequest> > >::EmplaceDecomposable&&, std::pair<std::tuple<char const* const&>, std::tuple<mediapipe::GraphServiceBase const&> >) (container_memory.h:140)
==72637== 
==72637== 138 bytes in 3 blocks are possibly lost in loss record 1,111 of 1,423
==72637==    at 0x4885828: operator new(unsigned long) (vg_replace_malloc.c:422)
==72637==    by 0x8818333: std::__cxx11::basic_string<char, std::char_traits<char>, std::allocator<char> >::_M_assign(std::__cxx11::basic_string<char, std::char_traits<char>, std::allocator<char> > const&) (in /usr/lib/aarch64-linux-gnu/libstdc++.so.6.0.30)
==72637==    by 0x8818713: std::__cxx11::basic_string<char, std::char_traits<char>, std::allocator<char> >::operator=(std::__cxx11::basic_string<char, std::char_traits<char>, std::allocator<char> > const&) (in /usr/lib/aarch64-linux-gnu/libstdc++.so.6.0.30)
==72637==    by 0x6DEE17B: mediapipe::tool::Descriptor::operator=(mediapipe::tool::Descriptor const&) (options_registry.h:52)
==72637==    by 0x6DECC4F: mediapipe::tool::OptionsRegistry::Register(mediapipe::FieldData const&, std::__cxx11::basic_string<char, std::char_traits<char>, std::allocator<char> > const&) (options_registry.cc:126)
==72637==    by 0x6DECCE7: mediapipe::tool::OptionsRegistry::Register(mediapipe::FieldData const&, std::__cxx11::basic_string<char, std::char_traits<char>, std::allocator<char> > const&) (options_registry.cc:130)
==72637==    by 0x6DEC9EF: mediapipe::tool::OptionsRegistry::Register(mediapipe::FieldData const&) (options_registry.cc:113)
==72637==    by 0x63114F3: __static_initialization_and_destruction_0(int, int) (inference_calculator_options_lib.cc:45)
==72637==    by 0x63115A3: _GLOBAL__sub_I_inference_calculator_options_lib.cc (inference_calculator_options_lib.cc:49)
==72637==    by 0x4004447: call_init (dl-init.c:74)
==72637==    by 0x4004447: call_init (dl-init.c:26)
==72637==    by 0x4004553: _dl_init (dl-init.c:121)
==72637==    by 0x401AD37: (below main) (dl-start.S:46)
==72637== 
==72637== 143 bytes in 4 blocks are possibly lost in loss record 1,112 of 1,423
==72637==    at 0x4885828: operator new(unsigned long) (vg_replace_malloc.c:422)
==72637==    by 0x8818333: std::__cxx11::basic_string<char, std::char_traits<char>, std::allocator<char> >::_M_assign(std::__cxx11::basic_string<char, std::char_traits<char>, std::allocator<char> > const&) (in /usr/lib/aarch64-linux-gnu/libstdc++.so.6.0.30)
==72637==    by 0x8818713: std::__cxx11::basic_string<char, std::char_traits<char>, std::allocator<char> >::operator=(std::__cxx11::basic_string<char, std::char_traits<char>, std::allocator<char> > const&) (in /usr/lib/aarch64-linux-gnu/libstdc++.so.6.0.30)
==72637==    by 0x6DEE17B: mediapipe::tool::Descriptor::operator=(mediapipe::tool::Descriptor const&) (options_registry.h:52)
==72637==    by 0x6DEC217: mediapipe::tool::(anonymous namespace)::RegisterDescriptorProtos(absl::flat_hash_map<std::__cxx11::basic_string<char, std::char_traits<char>, std::allocator<char> >, mediapipe::tool::Descriptor, absl::container_internal::StringHash, absl::container_internal::StringEq, std::allocator<std::pair<std::__cxx11::basic_string<char, std::char_traits<char>, std::allocator<char> > const, mediapipe::tool::Descriptor> > >&) (options_registry.cc:100)
==72637==    by 0x6DED043: mediapipe::tool::OptionsRegistry::GetProtobufDescriptor(std::__cxx11::basic_string<char, std::char_traits<char>, std::allocator<char> > const&) (options_registry.cc:146)
==72637==    by 0x6DEAF8B: mediapipe::tool::(anonymous namespace)::GetFieldValues(mediapipe::FieldData const&, std::__cxx11::basic_string<char, std::char_traits<char>, std::allocator<char> >) (options_registry.cc:26)
==72637==    by 0x6DEC8CF: mediapipe::tool::OptionsRegistry::Register(mediapipe::FieldData const&) (options_registry.cc:108)
==72637==    by 0x63114F3: __static_initialization_and_destruction_0(int, int) (inference_calculator_options_lib.cc:45)
==72637==    by 0x63115A3: _GLOBAL__sub_I_inference_calculator_options_lib.cc (inference_calculator_options_lib.cc:49)
==72637==    by 0x4004447: call_init (dl-init.c:74)
==72637==    by 0x4004447: call_init (dl-init.c:26)
==72637==    by 0x4004553: _dl_init (dl-init.c:121)
==72637== 
==72637== 216 bytes in 1 blocks are possibly lost in loss record 1,159 of 1,423
==72637==    at 0x4885828: operator new(unsigned long) (vg_replace_malloc.c:422)
==72637==    by 0x621DC67: std::__new_allocator<absl::container_internal::AlignedType<8ul> >::allocate(unsigned long, void const*) (new_allocator.h:137)
==72637==    by 0x621D5BF: std::allocator_traits<std::allocator<absl::container_internal::AlignedType<8ul> > >::allocate(std::allocator<absl::container_internal::AlignedType<8ul> >&, unsigned long) (alloc_traits.h:464)
==72637==    by 0x621CB8F: void* absl::container_internal::Allocate<8ul, std::allocator<char> >(std::allocator<char>*, unsigned long) (container_memory.h:65)
==72637==    by 0x621DE8B: void absl::container_internal::InitializeSlots<std::allocator<char>, 64ul, 8ul>(absl::container_internal::CommonFields&, std::allocator<char>) (raw_hash_set.h:1488)
==72637==    by 0x62DA41F: absl::container_internal::raw_hash_set<absl::container_internal::FlatHashMapPolicy<std::__cxx11::basic_string<char, std::char_traits<char>, std::allocator<char> >, std::function<std::unique_ptr<mediapipe::InputStreamHandler, std::default_delete<mediapipe::InputStreamHandler> > (std::shared_ptr<mediapipe::tool::TagMap>, mediapipe::CalculatorContextManager*, mediapipe::MediaPipeOptions const&, bool)> >, absl::container_internal::StringHash, absl::container_internal::StringEq, std::allocator<std::pair<std::__cxx11::basic_string<char, std::char_traits<char>, std::allocator<char> > const, std::function<std::unique_ptr<mediapipe::InputStreamHandler, std::default_delete<mediapipe::InputStreamHandler> > (std::shared_ptr<mediapipe::tool::TagMap>, mediapipe::CalculatorContextManager*, mediapipe::MediaPipeOptions const&, bool)> > > >::initialize_slots() (raw_hash_set.h:2602)
==72637==    by 0x62D9FD7: absl::container_internal::raw_hash_set<absl::container_internal::FlatHashMapPolicy<std::__cxx11::basic_string<char, std::char_traits<char>, std::allocator<char> >, std::function<std::unique_ptr<mediapipe::InputStreamHandler, std::default_delete<mediapipe::InputStreamHandler> > (std::shared_ptr<mediapipe::tool::TagMap>, mediapipe::CalculatorContextManager*, mediapipe::MediaPipeOptions const&, bool)> >, absl::container_internal::StringHash, absl::container_internal::StringEq, std::allocator<std::pair<std::__cxx11::basic_string<char, std::char_traits<char>, std::allocator<char> > const, std::function<std::unique_ptr<mediapipe::InputStreamHandler, std::default_delete<mediapipe::InputStreamHandler> > (std::shared_ptr<mediapipe::tool::TagMap>, mediapipe::CalculatorContextManager*, mediapipe::MediaPipeOptions const&, bool)> > > >::resize(unsigned long) (raw_hash_set.h:2613)
==72637==    by 0x62DA21B: absl::container_internal::raw_hash_set<absl::container_internal::FlatHashMapPolicy<std::__cxx11::basic_string<char, std::char_traits<char>, std::allocator<char> >, std::function<std::unique_ptr<mediapipe::InputStreamHandler, std::default_delete<mediapipe::InputStreamHandler> > (std::shared_ptr<mediapipe::tool::TagMap>, mediapipe::CalculatorContextManager*, mediapipe::MediaPipeOptions const&, bool)> >, absl::container_internal::StringHash, absl::container_internal::StringEq, std::allocator<std::pair<std::__cxx11::basic_string<char, std::char_traits<char>, std::allocator<char> > const, std::function<std::unique_ptr<mediapipe::InputStreamHandler, std::default_delete<mediapipe::InputStreamHandler> > (std::shared_ptr<mediapipe::tool::TagMap>, mediapipe::CalculatorContextManager*, mediapipe::MediaPipeOptions const&, bool)> > > >::rehash_and_grow_if_necessary() (raw_hash_set.h:2702)
==72637==    by 0x62D9B63: absl::container_internal::raw_hash_set<absl::container_internal::FlatHashMapPolicy<std::__cxx11::basic_string<char, std::char_traits<char>, std::allocator<char> >, std::function<std::unique_ptr<mediapipe::InputStreamHandler, std::default_delete<mediapipe::InputStreamHandler> > (std::shared_ptr<mediapipe::tool::TagMap>, mediapipe::CalculatorContextManager*, mediapipe::MediaPipeOptions const&, bool)> >, absl::container_internal::StringHash, absl::container_internal::StringEq, std::allocator<std::pair<std::__cxx11::basic_string<char, std::char_traits<char>, std::allocator<char> > const, std::function<std::unique_ptr<mediapipe::InputStreamHandler, std::default_delete<mediapipe::InputStreamHandler> > (std::shared_ptr<mediapipe::tool::TagMap>, mediapipe::CalculatorContextManager*, mediapipe::MediaPipeOptions const&, bool)> > > >::prepare_insert(unsigned long) (raw_hash_set.h:2798)
==72637==    by 0x62D962B: std::pair<unsigned long, bool> absl::container_internal::raw_hash_set<absl::container_internal::FlatHashMapPolicy<std::__cxx11::basic_string<char, std::char_traits<char>, std::allocator<char> >, std::function<std::unique_ptr<mediapipe::InputStreamHandler, std::default_delete<mediapipe::InputStreamHandler> > (std::shared_ptr<mediapipe::tool::TagMap>, mediapipe::CalculatorContextManager*, mediapipe::MediaPipeOptions const&, bool)> >, absl::container_internal::StringHash, absl::container_internal::StringEq, std::allocator<std::pair<std::__cxx11::basic_string<char, std::char_traits<char>, std::allocator<char> > const, std::function<std::unique_ptr<mediapipe::InputStreamHandler, std::default_delete<mediapipe::InputStreamHandler> > (std::shared_ptr<mediapipe::tool::TagMap>, mediapipe::CalculatorContextManager*, mediapipe::MediaPipeOptions const&, bool)> > > >::find_or_prepare_insert<std::__cxx11::basic_string<char, std::char_traits<char>, std::allocator<char> > >(std::__cxx11::basic_string<char, std::char_traits<char>, std::allocator<char> > const&) (raw_hash_set.h:2779)
==72637==    by 0x62D9247: std::pair<absl::container_internal::raw_hash_set<absl::container_internal::FlatHashMapPolicy<std::__cxx11::basic_string<char, std::char_traits<char>, std::allocator<char> >, std::function<std::unique_ptr<mediapipe::InputStreamHandler, std::default_delete<mediapipe::InputStreamHandler> > (std::shared_ptr<mediapipe::tool::TagMap>, mediapipe::CalculatorContextManager*, mediapipe::MediaPipeOptions const&, bool)> >, absl::container_internal::StringHash, absl::container_internal::StringEq, std::allocator<std::pair<std::__cxx11::basic_string<char, std::char_traits<char>, std::allocator<char> > const, std::function<std::unique_ptr<mediapipe::InputStreamHandler, std::default_delete<mediapipe::InputStreamHandler> > (std::shared_ptr<mediapipe::tool::TagMap>, mediapipe::CalculatorContextManager*, mediapipe::MediaPipeOptions const&, bool)> > > >::iterator, bool> absl::container_internal::raw_hash_set<absl::container_internal::FlatHashMapPolicy<std::__cxx11::basic_string<char, std::char_traits<char>, std::allocator<char> >, std::function<std::unique_ptr<mediapipe::InputStreamHandler, std::default_delete<mediapipe::InputStreamHandler> > (std::shared_ptr<mediapipe::tool::TagMap>, mediapipe::CalculatorContextManager*, mediapipe::MediaPipeOptions const&, bool)> >, absl::container_internal::StringHash, absl::container_internal::StringEq, std::allocator<std::pair<std::__cxx11::basic_string<char, std::char_traits<char>, std::allocator<char> > const, std::function<std::unique_ptr<mediapipe::InputStreamHandler, std::default_delete<mediapipe::InputStreamHandler> > (std::shared_ptr<mediapipe::tool::TagMap>, mediapipe::CalculatorContextManager*, mediapipe::MediaPipeOptions const&, bool)> > > >::EmplaceDecomposable::operator()<std::__cxx11::basic_string<char, std::char_traits<char>, std::allocator<char> >, std::piecewise_construct_t const&, std::tuple<std::__cxx11::basic_string<char, std::char_traits<char>, std::allocator<char> >&&>, std::tuple<std::function<std::unique_ptr<mediapipe::InputStreamHandler, std::default_delete<mediapipe::InputStreamHandler> > (std::shared_ptr<mediapipe::tool::TagMap>, mediapipe::CalculatorContextManager*, mediapipe::MediaPipeOptions const&, bool)>&&> >(std::__cxx11::basic_string<char, std::char_traits<char>, std::allocator<char> > const&, std::piecewise_construct_t const&, std::tuple<std::__cxx11::basic_string<char, std::char_traits<char>, std::allocator<char> >&&>&&, std::tuple<std::function<std::unique_ptr<mediapipe::InputStreamHandler, std::default_delete<mediapipe::InputStreamHandler> > (std::shared_ptr<mediapipe::tool::TagMap>, mediapipe::CalculatorContextManager*, mediapipe::MediaPipeOptions const&, bool)>&&>&&) const (raw_hash_set.h:2529)
==72637==    by 0x62D8E93: decltype (((declval<absl::container_internal::raw_hash_set<absl::container_internal::FlatHashMapPolicy<std::__cxx11::basic_string<char, std::char_traits<char>, std::allocator<char> >, std::function<std::unique_ptr<mediapipe::InputStreamHandler, std::default_delete<mediapipe::InputStreamHandler> > (std::shared_ptr<mediapipe::tool::TagMap>, mediapipe::CalculatorContextManager*, mediapipe::MediaPipeOptions const&, bool)> >, absl::container_internal::StringHash, absl::container_internal::StringEq, std::allocator<std::pair<std::__cxx11::basic_string<char, std::char_traits<char>, std::allocator<char> > const, std::function<std::unique_ptr<mediapipe::InputStreamHandler, std::default_delete<mediapipe::InputStreamHandler> > (std::shared_ptr<mediapipe::tool::TagMap>, mediapipe::CalculatorContextManager*, mediapipe::MediaPipeOptions const&, bool)> > > >::EmplaceDecomposable>)())((declval<std::__cxx11::basic_string<char, std::char_traits<char>, std::allocator<char> >&& const&>)(), std::piecewise_construct, (declval<std::tuple<std::__cxx11::basic_string<char, std::char_traits<char>, std::allocator<char> >&&> >)(), (declval<std::tuple<std::function<std::unique_ptr<mediapipe::InputStreamHandler, std::default_delete<mediapipe::InputStreamHandler> > (std::shared_ptr<mediapipe::tool::TagMap>, mediapipe::CalculatorContextManager*, mediapipe::MediaPipeOptions const&, bool)>&&> >)())) absl::container_internal::memory_internal::DecomposePairImpl<absl::container_internal::raw_hash_set<absl::container_internal::FlatHashMapPolicy<std::__cxx11::basic_string<char, std::char_traits<char>, std::allocator<char> >, std::function<std::unique_ptr<mediapipe::InputStreamHandler, std::default_delete<mediapipe::InputStreamHandler> > (std::shared_ptr<mediapipe::tool::TagMap>, mediapipe::CalculatorContextManager*, mediapipe::MediaPipeOptions const&, bool)> >, absl::container_internal::StringHash, absl::container_internal::StringEq, std::allocator<std::pair<std::__cxx11::basic_string<char, std::char_traits<char>, std::allocator<char> > const, std::function<std::unique_ptr<mediapipe::InputStreamHandler, std::default_delete<mediapipe::InputStreamHandler> > (std::shared_ptr<mediapipe::tool::TagMap>, mediapipe::CalculatorContextManager*, mediapipe::MediaPipeOptions const&, bool)> > > >::EmplaceDecomposable, std::__cxx11::basic_string<char, std::char_traits<char>, std::allocator<char> >&&, std::tuple<std::function<std::unique_ptr<mediapipe::InputStreamHandler, std::default_delete<mediapipe::InputStreamHandler> > (std::shared_ptr<mediapipe::tool::TagMap>, mediapipe::CalculatorContextManager*, mediapipe::MediaPipeOptions const&, bool)>&&> >(absl::container_internal::raw_hash_set<absl::container_internal::FlatHashMapPolicy<std::__cxx11::basic_string<char, std::char_traits<char>, std::allocator<char> >, std::function<std::unique_ptr<mediapipe::InputStreamHandler, std::default_delete<mediapipe::InputStreamHandler> > (std::shared_ptr<mediapipe::tool::TagMap>, mediapipe::CalculatorContextManager*, mediapipe::MediaPipeOptions const&, bool)> >, absl::container_internal::StringHash, absl::container_internal::StringEq, std::allocator<std::pair<std::__cxx11::basic_string<char, std::char_traits<char>, std::allocator<char> > const, std::function<std::unique_ptr<mediapipe::InputStreamHandler, std::default_delete<mediapipe::InputStreamHandler> > (std::shared_ptr<mediapipe::tool::TagMap>, mediapipe::CalculatorContextManager*, mediapipe::MediaPipeOptions const&, bool)> > > >::EmplaceDecomposable&&, std::pair<std::tuple<std::__cxx11::basic_string<char, std::char_traits<char>, std::allocator<char> >&&>, std::tuple<std::function<std::unique_ptr<mediapipe::InputStreamHandler, std::default_delete<mediapipe::InputStreamHandler> > (std::shared_ptr<mediapipe::tool::TagMap>, mediapipe::CalculatorContextManager*, mediapipe::MediaPipeOptions const&, bool)>&&> >) (container_memory.h:140)
==72637== 
==72637== 264 bytes in 1 blocks are possibly lost in loss record 1,183 of 1,423
==72637==    at 0x4885828: operator new(unsigned long) (vg_replace_malloc.c:422)
==72637==    by 0x65F8D3: google::protobuf::RepeatedField<int>::Reserve(int) (repeated_field.h:920)
==72637==    by 0x65F11B: google::protobuf::RepeatedField<int>::Add(int const&) (repeated_field.h:679)
==72637==    by 0x6CA1023: mediapipe::LandmarksToRenderDataCalculatorOptions::_internal_add_landmark_connections(int) (landmarks_to_render_data_calculator.pb.h:487)
==72637==    by 0x6C9FC2B: mediapipe::LandmarksToRenderDataCalculatorOptions::_InternalParse(char const*, google::protobuf::internal::ParseContext*) (landmarks_to_render_data_calculator.pb.cc:350)
==72637==    by 0x654737: bool google::protobuf::internal::MergeFromImpl<false>(google::protobuf::stringpiece_internal::StringPiece, google::protobuf::MessageLite*, google::protobuf::MessageLite::ParseFlags) (message_lite.cc:145)
==72637==    by 0x655497: bool google::protobuf::MessageLite::ParseFrom<(google::protobuf::MessageLite::ParseFlags)1, std::__cxx11::basic_string<char, std::char_traits<char>, std::allocator<char> > >(std::__cxx11::basic_string<char, std::char_traits<char>, std::allocator<char> > const&) (message_lite.h:551)
==72637==    by 0x652E7F: google::protobuf::MessageLite::ParseFromString(std::__cxx11::basic_string<char, std::char_traits<char>, std::allocator<char> > const&) (message_lite.cc:310)
==72637==    by 0x429FAB: google::protobuf::internal::AnyMetadata::UnpackTo(google::protobuf::Message*) const (any.cc:61)
==72637==    by 0x6230E8B: google::protobuf::Any::UnpackTo(google::protobuf::Message*) const (any.pb.h:128)
==72637==    by 0x6C9DBA3: void mediapipe::tool::GetNodeOptions<mediapipe::LandmarksToRenderDataCalculatorOptions>(mediapipe::CalculatorGraphConfig_Node const&, mediapipe::LandmarksToRenderDataCalculatorOptions*) (options_map.h:76)
==72637==    by 0x6C9D6EB: mediapipe::LandmarksToRenderDataCalculatorOptions const& mediapipe::tool::OptionsMap::Get<mediapipe::LandmarksToRenderDataCalculatorOptions>() const (options_map.h:138)
==72637== 
==72637== 396 bytes in 13 blocks are possibly lost in loss record 1,210 of 1,423
==72637==    at 0x4885828: operator new(unsigned long) (vg_replace_malloc.c:422)
==72637==    by 0x67FE63: void std::__cxx11::basic_string<char, std::char_traits<char>, std::allocator<char> >::_M_construct<char*>(char*, char*, std::forward_iterator_tag) (basic_string.tcc:225)
==72637==    by 0x622FE33: std::pair<std::__cxx11::basic_string<char, std::char_traits<char>, std::allocator<char> > const, std::function<std::unique_ptr<mediapipe::packet_internal::HolderBase, std::default_delete<mediapipe::packet_internal::HolderBase> > ()> >::pair(std::pair<std::__cxx11::basic_string<char, std::char_traits<char>, std::allocator<char> > const, std::function<std::unique_ptr<mediapipe::packet_internal::HolderBase, std::default_delete<mediapipe::packet_internal::HolderBase> > ()> >&&) (stl_pair.h:196)
==72637==    by 0x622FEA3: void std::__new_allocator<std::pair<std::__cxx11::basic_string<char, std::char_traits<char>, std::allocator<char> > const, std::function<std::unique_ptr<mediapipe::packet_internal::HolderBase, std::default_delete<mediapipe::packet_internal::HolderBase> > ()> > >::construct<std::pair<std::__cxx11::basic_string<char, std::char_traits<char>, std::allocator<char> > const, std::function<std::unique_ptr<mediapipe::packet_internal::HolderBase, std::default_delete<mediapipe::packet_internal::HolderBase> > ()> >, std::pair<std::__cxx11::basic_string<char, std::char_traits<char>, std::allocator<char> > const, std::function<std::unique_ptr<mediapipe::packet_internal::HolderBase, std::default_delete<mediapipe::packet_internal::HolderBase> > ()> > >(std::pair<std::__cxx11::basic_string<char, std::char_traits<char>, std::allocator<char> > const, std::function<std::unique_ptr<mediapipe::packet_internal::HolderBase, std::default_delete<mediapipe::packet_internal::HolderBase> > ()> >*, std::pair<std::__cxx11::basic_string<char, std::char_traits<char>, std::allocator<char> > const, std::function<std::unique_ptr<mediapipe::packet_internal::HolderBase, std::default_delete<mediapipe::packet_internal::HolderBase> > ()> >&&) (new_allocator.h:175)
==72637==    by 0x622FD13: void std::allocator_traits<std::allocator<std::pair<std::__cxx11::basic_string<char, std::char_traits<char>, std::allocator<char> > const, std::function<std::unique_ptr<mediapipe::packet_internal::HolderBase, std::default_delete<mediapipe::packet_internal::HolderBase> > ()> > > >::construct<std::pair<std::__cxx11::basic_string<char, std::char_traits<char>, std::allocator<char> > const, std::function<std::unique_ptr<mediapipe::packet_internal::HolderBase, std::default_delete<mediapipe::packet_internal::HolderBase> > ()> >, std::pair<std::__cxx11::basic_string<char, std::char_traits<char>, std::allocator<char> > const, std::function<std::unique_ptr<mediapipe::packet_internal::HolderBase, std::default_delete<mediapipe::packet_internal::HolderBase> > ()> > >(std::allocator<std::pair<std::__cxx11::basic_string<char, std::char_traits<char>, std::allocator<char> > const, std::function<std::unique_ptr<mediapipe::packet_internal::HolderBase, std::default_delete<mediapipe::packet_internal::HolderBase> > ()> > >&, std::pair<std::__cxx11::basic_string<char, std::char_traits<char>, std::allocator<char> > const, std::function<std::unique_ptr<mediapipe::packet_internal::HolderBase, std::default_delete<mediapipe::packet_internal::HolderBase> > ()> >*, std::pair<std::__cxx11::basic_string<char, std::char_traits<char>, std::allocator<char> > const, std::function<std::unique_ptr<mediapipe::packet_internal::HolderBase, std::default_delete<mediapipe::packet_internal::HolderBase> > ()> >&&) (alloc_traits.h:516)
==72637==    by 0x622FB83: void absl::container_internal::map_slot_policy<std::__cxx11::basic_string<char, std::char_traits<char>, std::allocator<char> >, std::function<std::unique_ptr<mediapipe::packet_internal::HolderBase, std::default_delete<mediapipe::packet_internal::HolderBase> > ()> >::transfer<std::allocator<std::pair<std::__cxx11::basic_string<char, std::char_traits<char>, std::allocator<char> > const, std::function<std::unique_ptr<mediapipe::packet_internal::HolderBase, std::default_delete<mediapipe::packet_internal::HolderBase> > ()> > > >(std::allocator<std::pair<std::__cxx11::basic_string<char, std::char_traits<char>, std::allocator<char> > const, std::function<std::unique_ptr<mediapipe::packet_internal::HolderBase, std::default_delete<mediapipe::packet_internal::HolderBase> > ()> > >*, absl::container_internal::map_slot_type<std::__cxx11::basic_string<char, std::char_traits<char>, std::allocator<char> >, std::function<std::unique_ptr<mediapipe::packet_internal::HolderBase, std::default_delete<mediapipe::packet_internal::HolderBase> > ()> >*, absl::container_internal::map_slot_type<std::__cxx11::basic_string<char, std::char_traits<char>, std::allocator<char> >, std::function<std::unique_ptr<mediapipe::packet_internal::HolderBase, std::default_delete<mediapipe::packet_internal::HolderBase> > ()> >*) (container_memory.h:443)
==72637==    by 0x622F7BF: void absl::container_internal::FlatHashMapPolicy<std::__cxx11::basic_string<char, std::char_traits<char>, std::allocator<char> >, std::function<std::unique_ptr<mediapipe::packet_internal::HolderBase, std::default_delete<mediapipe::packet_internal::HolderBase> > ()> >::transfer<std::allocator<std::pair<std::__cxx11::basic_string<char, std::char_traits<char>, std::allocator<char> > const, std::function<std::unique_ptr<mediapipe::packet_internal::HolderBase, std::default_delete<mediapipe::packet_internal::HolderBase> > ()> > > >(std::allocator<std::pair<std::__cxx11::basic_string<char, std::char_traits<char>, std::allocator<char> > const, std::function<std::unique_ptr<mediapipe::packet_internal::HolderBase, std::default_delete<mediapipe::packet_internal::HolderBase> > ()> > >*, absl::container_internal::map_slot_type<std::__cxx11::basic_string<char, std::char_traits<char>, std::allocator<char> >, std::function<std::unique_ptr<mediapipe::packet_internal::HolderBase, std::default_delete<mediapipe::packet_internal::HolderBase> > ()> >*, absl::container_internal::map_slot_type<std::__cxx11::basic_string<char, std::char_traits<char>, std::allocator<char> >, std::function<std::unique_ptr<mediapipe::packet_internal::HolderBase, std::default_delete<mediapipe::packet_internal::HolderBase> > ()> >*) (flat_hash_map.h:584)
==72637==    by 0x622F43F: decltype (absl::container_internal::FlatHashMapPolicy<std::__cxx11::basic_string<char, std::char_traits<char>, std::allocator<char> >, std::function<std::unique_ptr<mediapipe::packet_internal::HolderBase, std::default_delete<mediapipe::packet_internal::HolderBase> > ()> >::transfer({parm#1}, {parm#2}, {parm#3})) absl::container_internal::common_policy_traits<absl::container_internal::FlatHashMapPolicy<std::__cxx11::basic_string<char, std::char_traits<char>, std::allocator<char> >, std::function<std::unique_ptr<mediapipe::packet_internal::HolderBase, std::default_delete<mediapipe::packet_internal::HolderBase> > ()> >, void>::transfer_impl<std::allocator<std::pair<std::__cxx11::basic_string<char, std::char_traits<char>, std::allocator<char> > const, std::function<std::unique_ptr<mediapipe::packet_internal::HolderBase, std::default_delete<mediapipe::packet_internal::HolderBase> > ()> > >, absl::container_internal::FlatHashMapPolicy<std::__cxx11::basic_string<char, std::char_traits<char>, std::allocator<char> >, std::function<std::unique_ptr<mediapipe::packet_internal::HolderBase, std::default_delete<mediapipe::packet_internal::HolderBase> > ()> > >(std::allocator<std::pair<std::__cxx11::basic_string<char, std::char_traits<char>, std::allocator<char> > const, std::function<std::unique_ptr<mediapipe::packet_internal::HolderBase, std::default_delete<mediapipe::packet_internal::HolderBase> > ()> > >*, absl::container_internal::map_slot_type<std::__cxx11::basic_string<char, std::char_traits<char>, std::allocator<char> >, std::function<std::unique_ptr<mediapipe::packet_internal::HolderBase, std::default_delete<mediapipe::packet_internal::HolderBase> > ()> >*, absl::container_internal::map_slot_type<std::__cxx11::basic_string<char, std::char_traits<char>, std::allocator<char> >, std::function<std::unique_ptr<mediapipe::packet_internal::HolderBase, std::default_delete<mediapipe::packet_internal::HolderBase> > ()> >*, absl::container_internal::common_policy_traits<absl::container_internal::FlatHashMapPolicy<std::__cxx11::basic_string<char, std::char_traits<char>, std::allocator<char> >, std::function<std::unique_ptr<mediapipe::packet_internal::HolderBase, std::default_delete<mediapipe::packet_internal::HolderBase> > ()> >, void>::Rank0) (common_policy_traits.h:102)
==72637==    by 0x622EF9F: void absl::container_internal::common_policy_traits<absl::container_internal::FlatHashMapPolicy<std::__cxx11::basic_string<char, std::char_traits<char>, std::allocator<char> >, std::function<std::unique_ptr<mediapipe::packet_internal::HolderBase, std::default_delete<mediapipe::packet_internal::HolderBase> > ()> >, void>::transfer<std::allocator<std::pair<std::__cxx11::basic_string<char, std::char_traits<char>, std::allocator<char> > const, std::function<std::unique_ptr<mediapipe::packet_internal::HolderBase, std::default_delete<mediapipe::packet_internal::HolderBase> > ()> > > >(std::allocator<std::pair<std::__cxx11::basic_string<char, std::char_traits<char>, std::allocator<char> > const, std::function<std::unique_ptr<mediapipe::packet_internal::HolderBase, std::default_delete<mediapipe::packet_internal::HolderBase> > ()> > >*, absl::container_internal::map_slot_type<std::__cxx11::basic_string<char, std::char_traits<char>, std::allocator<char> >, std::function<std::unique_ptr<mediapipe::packet_internal::HolderBase, std::default_delete<mediapipe::packet_internal::HolderBase> > ()> >*, absl::container_internal::map_slot_type<std::__cxx11::basic_string<char, std::char_traits<char>, std::allocator<char> >, std::function<std::unique_ptr<mediapipe::packet_internal::HolderBase, std::default_delete<mediapipe::packet_internal::HolderBase> > ()> >*) (common_policy_traits.h:66)
==72637==    by 0x622E93B: absl::container_internal::raw_hash_set<absl::container_internal::FlatHashMapPolicy<std::__cxx11::basic_string<char, std::char_traits<char>, std::allocator<char> >, std::function<std::unique_ptr<mediapipe::packet_internal::HolderBase, std::default_delete<mediapipe::packet_internal::HolderBase> > ()> >, absl::container_internal::StringHash, absl::container_internal::StringEq, std::allocator<std::pair<std::__cxx11::basic_string<char, std::char_traits<char>, std::allocator<char> > const, std::function<std::unique_ptr<mediapipe::packet_internal::HolderBase, std::default_delete<mediapipe::packet_internal::HolderBase> > ()> > > >::resize(unsigned long) (raw_hash_set.h:2625)
==72637==    by 0x622EA83: absl::container_internal::raw_hash_set<absl::container_internal::FlatHashMapPolicy<std::__cxx11::basic_string<char, std::char_traits<char>, std::allocator<char> >, std::function<std::unique_ptr<mediapipe::packet_internal::HolderBase, std::default_delete<mediapipe::packet_internal::HolderBase> > ()> >, absl::container_internal::StringHash, absl::container_internal::StringEq, std::allocator<std::pair<std::__cxx11::basic_string<char, std::char_traits<char>, std::allocator<char> > const, std::function<std::unique_ptr<mediapipe::packet_internal::HolderBase, std::default_delete<mediapipe::packet_internal::HolderBase> > ()> > > >::rehash_and_grow_if_necessary() (raw_hash_set.h:2702)
==72637==    by 0x622E1B3: absl::container_internal::raw_hash_set<absl::container_internal::FlatHashMapPolicy<std::__cxx11::basic_string<char, std::char_traits<char>, std::allocator<char> >, std::function<std::unique_ptr<mediapipe::packet_internal::HolderBase, std::default_delete<mediapipe::packet_internal::HolderBase> > ()> >, absl::container_internal::StringHash, absl::container_internal::StringEq, std::allocator<std::pair<std::__cxx11::basic_string<char, std::char_traits<char>, std::allocator<char> > const, std::function<std::unique_ptr<mediapipe::packet_internal::HolderBase, std::default_delete<mediapipe::packet_internal::HolderBase> > ()> > > >::prepare_insert(unsigned long) (raw_hash_set.h:2798)
==72637== 
==72637== 425 bytes in 7 blocks are possibly lost in loss record 1,217 of 1,423
==72637==    at 0x4885828: operator new(unsigned long) (vg_replace_malloc.c:422)
==72637==    by 0x8818333: std::__cxx11::basic_string<char, std::char_traits<char>, std::allocator<char> >::_M_assign(std::__cxx11::basic_string<char, std::char_traits<char>, std::allocator<char> > const&) (in /usr/lib/aarch64-linux-gnu/libstdc++.so.6.0.30)
==72637==    by 0x8818713: std::__cxx11::basic_string<char, std::char_traits<char>, std::allocator<char> >::operator=(std::__cxx11::basic_string<char, std::char_traits<char>, std::allocator<char> > const&) (in /usr/lib/aarch64-linux-gnu/libstdc++.so.6.0.30)
==72637==    by 0x6DEE17B: mediapipe::tool::Descriptor::operator=(mediapipe::tool::Descriptor const&) (options_registry.h:52)
==72637==    by 0x6DECC4F: mediapipe::tool::OptionsRegistry::Register(mediapipe::FieldData const&, std::__cxx11::basic_string<char, std::char_traits<char>, std::allocator<char> > const&) (options_registry.cc:126)
==72637==    by 0x6DECCE7: mediapipe::tool::OptionsRegistry::Register(mediapipe::FieldData const&, std::__cxx11::basic_string<char, std::char_traits<char>, std::allocator<char> > const&) (options_registry.cc:130)
==72637==    by 0x6DECCE7: mediapipe::tool::OptionsRegistry::Register(mediapipe::FieldData const&, std::__cxx11::basic_string<char, std::char_traits<char>, std::allocator<char> > const&) (options_registry.cc:130)
==72637==    by 0x6DEC9EF: mediapipe::tool::OptionsRegistry::Register(mediapipe::FieldData const&) (options_registry.cc:113)
==72637==    by 0x63114F3: __static_initialization_and_destruction_0(int, int) (inference_calculator_options_lib.cc:45)
==72637==    by 0x63115A3: _GLOBAL__sub_I_inference_calculator_options_lib.cc (inference_calculator_options_lib.cc:49)
==72637==    by 0x4004447: call_init (dl-init.c:74)
==72637==    by 0x4004447: call_init (dl-init.c:26)
==72637==    by 0x4004553: _dl_init (dl-init.c:121)
==72637== 
==72637== 610 bytes in 19 blocks are possibly lost in loss record 1,243 of 1,423
==72637==    at 0x4885828: operator new(unsigned long) (vg_replace_malloc.c:422)
==72637==    by 0x8818333: std::__cxx11::basic_string<char, std::char_traits<char>, std::allocator<char> >::_M_assign(std::__cxx11::basic_string<char, std::char_traits<char>, std::allocator<char> > const&) (in /usr/lib/aarch64-linux-gnu/libstdc++.so.6.0.30)
==72637==    by 0x8818713: std::__cxx11::basic_string<char, std::char_traits<char>, std::allocator<char> >::operator=(std::__cxx11::basic_string<char, std::char_traits<char>, std::allocator<char> > const&) (in /usr/lib/aarch64-linux-gnu/libstdc++.so.6.0.30)
==72637==    by 0x6DEE17B: mediapipe::tool::Descriptor::operator=(mediapipe::tool::Descriptor const&) (options_registry.h:52)
==72637==    by 0x6DECC4F: mediapipe::tool::OptionsRegistry::Register(mediapipe::FieldData const&, std::__cxx11::basic_string<char, std::char_traits<char>, std::allocator<char> > const&) (options_registry.cc:126)
==72637==    by 0x6DEC9EF: mediapipe::tool::OptionsRegistry::Register(mediapipe::FieldData const&) (options_registry.cc:113)
==72637==    by 0x63114F3: __static_initialization_and_destruction_0(int, int) (inference_calculator_options_lib.cc:45)
==72637==    by 0x63115A3: _GLOBAL__sub_I_inference_calculator_options_lib.cc (inference_calculator_options_lib.cc:49)
==72637==    by 0x4004447: call_init (dl-init.c:74)
==72637==    by 0x4004447: call_init (dl-init.c:26)
==72637==    by 0x4004553: _dl_init (dl-init.c:121)
==72637==    by 0x401AD37: (below main) (dl-start.S:46)
==72637== 
==72637== 792 bytes in 1 blocks are possibly lost in loss record 1,249 of 1,423
==72637==    at 0x4885828: operator new(unsigned long) (vg_replace_malloc.c:422)
==72637==    by 0x621DC67: std::__new_allocator<absl::container_internal::AlignedType<8ul> >::allocate(unsigned long, void const*) (new_allocator.h:137)
==72637==    by 0x621D5BF: std::allocator_traits<std::allocator<absl::container_internal::AlignedType<8ul> > >::allocate(std::allocator<absl::container_internal::AlignedType<8ul> >&, unsigned long) (alloc_traits.h:464)
==72637==    by 0x621CB8F: void* absl::container_internal::Allocate<8ul, std::allocator<char> >(std::allocator<char>*, unsigned long) (container_memory.h:65)
==72637==    by 0x6E41553: void absl::container_internal::InitializeSlots<std::allocator<char>, 24ul, 8ul>(absl::container_internal::CommonFields&, std::allocator<char>) (raw_hash_set.h:1488)
==72637==    by 0x6E4120B: absl::container_internal::raw_hash_set<absl::container_internal::FlatHashMapPolicy<std::basic_string_view<char, std::char_traits<char> >, absl::CommandLineFlag*>, absl::container_internal::StringHash, absl::container_internal::StringEq, std::allocator<std::pair<std::basic_string_view<char, std::char_traits<char> > const, absl::CommandLineFlag*> > >::initialize_slots() (raw_hash_set.h:2602)
==72637==    by 0x6E40CCF: absl::container_internal::raw_hash_set<absl::container_internal::FlatHashMapPolicy<std::basic_string_view<char, std::char_traits<char> >, absl::CommandLineFlag*>, absl::container_internal::StringHash, absl::container_internal::StringEq, std::allocator<std::pair<std::basic_string_view<char, std::char_traits<char> > const, absl::CommandLineFlag*> > >::resize(unsigned long) (raw_hash_set.h:2613)
==72637==    by 0x6E40F4F: absl::container_internal::raw_hash_set<absl::container_internal::FlatHashMapPolicy<std::basic_string_view<char, std::char_traits<char> >, absl::CommandLineFlag*>, absl::container_internal::StringHash, absl::container_internal::StringEq, std::allocator<std::pair<std::basic_string_view<char, std::char_traits<char> > const, absl::CommandLineFlag*> > >::rehash_and_grow_if_necessary() (raw_hash_set.h:2702)
==72637==    by 0x6E4075B: absl::container_internal::raw_hash_set<absl::container_internal::FlatHashMapPolicy<std::basic_string_view<char, std::char_traits<char> >, absl::CommandLineFlag*>, absl::container_internal::StringHash, absl::container_internal::StringEq, std::allocator<std::pair<std::basic_string_view<char, std::char_traits<char> > const, absl::CommandLineFlag*> > >::prepare_insert(unsigned long) (raw_hash_set.h:2798)
==72637==    by 0x6E4002F: std::pair<unsigned long, bool> absl::container_internal::raw_hash_set<absl::container_internal::FlatHashMapPolicy<std::basic_string_view<char, std::char_traits<char> >, absl::CommandLineFlag*>, absl::container_internal::StringHash, absl::container_internal::StringEq, std::allocator<std::pair<std::basic_string_view<char, std::char_traits<char> > const, absl::CommandLineFlag*> > >::find_or_prepare_insert<std::basic_string_view<char, std::char_traits<char> > >(std::basic_string_view<char, std::char_traits<char> > const&) (raw_hash_set.h:2779)
==72637==    by 0x6E3F927: std::pair<absl::container_internal::raw_hash_set<absl::container_internal::FlatHashMapPolicy<std::basic_string_view<char, std::char_traits<char> >, absl::CommandLineFlag*>, absl::container_internal::StringHash, absl::container_internal::StringEq, std::allocator<std::pair<std::basic_string_view<char, std::char_traits<char> > const, absl::CommandLineFlag*> > >::iterator, bool> absl::container_internal::raw_hash_set<absl::container_internal::FlatHashMapPolicy<std::basic_string_view<char, std::char_traits<char> >, absl::CommandLineFlag*>, absl::container_internal::StringHash, absl::container_internal::StringEq, std::allocator<std::pair<std::basic_string_view<char, std::char_traits<char> > const, absl::CommandLineFlag*> > >::EmplaceDecomposable::operator()<std::basic_string_view<char, std::char_traits<char> >, std::piecewise_construct_t const&, std::tuple<std::basic_string_view<char, std::char_traits<char> > const&&>, std::tuple<absl::CommandLineFlag*&&> >(std::basic_string_view<char, std::char_traits<char> > const&, std::piecewise_construct_t const&, std::tuple<std::basic_string_view<char, std::char_traits<char> > const&&>&&, std::tuple<absl::CommandLineFlag*&&>&&) const (raw_hash_set.h:2529)
==72637==    by 0x6E3F34B: decltype (((declval<absl::container_internal::raw_hash_set<absl::container_internal::FlatHashMapPolicy<std::basic_string_view<char, std::char_traits<char> >, absl::CommandLineFlag*>, absl::container_internal::StringHash, absl::container_internal::StringEq, std::allocator<std::pair<std::basic_string_view<char, std::char_traits<char> > const, absl::CommandLineFlag*> > >::EmplaceDecomposable>)())((declval<std::basic_string_view<char, std::char_traits<char> > const&& const&>)(), std::piecewise_construct, (declval<std::tuple<std::basic_string_view<char, std::char_traits<char> > const&&> >)(), (declval<std::tuple<absl::CommandLineFlag*&&> >)())) absl::container_internal::memory_internal::DecomposePairImpl<absl::container_internal::raw_hash_set<absl::container_internal::FlatHashMapPolicy<std::basic_string_view<char, std::char_traits<char> >, absl::CommandLineFlag*>, absl::container_internal::StringHash, absl::container_internal::StringEq, std::allocator<std::pair<std::basic_string_view<char, std::char_traits<char> > const, absl::CommandLineFlag*> > >::EmplaceDecomposable, std::basic_string_view<char, std::char_traits<char> > const&&, std::tuple<absl::CommandLineFlag*&&> >(absl::container_internal::raw_hash_set<absl::container_internal::FlatHashMapPolicy<std::basic_string_view<char, std::char_traits<char> >, absl::CommandLineFlag*>, absl::container_internal::StringHash, absl::container_internal::StringEq, std::allocator<std::pair<std::basic_string_view<char, std::char_traits<char> > const, absl::CommandLineFlag*> > >::EmplaceDecomposable&&, std::pair<std::tuple<std::basic_string_view<char, std::char_traits<char> > const&&>, std::tuple<absl::CommandLineFlag*&&> >) (container_memory.h:140)
==72637== 
==72637== 1,165 bytes in 54 blocks are possibly lost in loss record 1,262 of 1,423
==72637==    at 0x4885828: operator new(unsigned long) (vg_replace_malloc.c:422)
==72637==    by 0x67FE63: void std::__cxx11::basic_string<char, std::char_traits<char>, std::allocator<char> >::_M_construct<char*>(char*, char*, std::forward_iterator_tag) (basic_string.tcc:225)
==72637==    by 0x6DF86FF: std::pair<std::__cxx11::basic_string<char, std::char_traits<char>, std::allocator<char> >, mediapipe::tool::FieldDescriptor>::pair<std::__cxx11::basic_string<char, std::char_traits<char>, std::allocator<char> > const, mediapipe::tool::FieldDescriptor, true>(std::pair<std::__cxx11::basic_string<char, std::char_traits<char>, std::allocator<char> > const, mediapipe::tool::FieldDescriptor> const&) (stl_pair.h:439)
==72637==    by 0x6DF7B67: void std::__new_allocator<std::pair<std::__cxx11::basic_string<char, std::char_traits<char>, std::allocator<char> > const, mediapipe::tool::FieldDescriptor> >::construct<std::pair<std::__cxx11::basic_string<char, std::char_traits<char>, std::allocator<char> >, mediapipe::tool::FieldDescriptor>, std::pair<std::__cxx11::basic_string<char, std::char_traits<char>, std::allocator<char> > const, mediapipe::tool::FieldDescriptor> const&>(std::pair<std::__cxx11::basic_string<char, std::char_traits<char>, std::allocator<char> >, mediapipe::tool::FieldDescriptor>*, std::pair<std::__cxx11::basic_string<char, std::char_traits<char>, std::allocator<char> > const, mediapipe::tool::FieldDescriptor> const&) (new_allocator.h:175)
==72637==    by 0x6DF6DE7: void std::allocator_traits<std::allocator<std::pair<std::__cxx11::basic_string<char, std::char_traits<char>, std::allocator<char> > const, mediapipe::tool::FieldDescriptor> > >::construct<std::pair<std::__cxx11::basic_string<char, std::char_traits<char>, std::allocator<char> >, mediapipe::tool::FieldDescriptor>, std::pair<std::__cxx11::basic_string<char, std::char_traits<char>, std::allocator<char> > const, mediapipe::tool::FieldDescriptor> const&>(std::allocator<std::pair<std::__cxx11::basic_string<char, std::char_traits<char>, std::allocator<char> > const, mediapipe::tool::FieldDescriptor> >&, std::pair<std::__cxx11::basic_string<char, std::char_traits<char>, std::allocator<char> >, mediapipe::tool::FieldDescriptor>*, std::pair<std::__cxx11::basic_string<char, std::char_traits<char>, std::allocator<char> > const, mediapipe::tool::FieldDescriptor> const&) (alloc_traits.h:516)
==72637==    by 0x6DF5DC3: void absl::container_internal::map_slot_policy<std::__cxx11::basic_string<char, std::char_traits<char>, std::allocator<char> >, mediapipe::tool::FieldDescriptor>::construct<std::allocator<std::pair<std::__cxx11::basic_string<char, std::char_traits<char>, std::allocator<char> > const, mediapipe::tool::FieldDescriptor> >, std::pair<std::__cxx11::basic_string<char, std::char_traits<char>, std::allocator<char> > const, mediapipe::tool::FieldDescriptor> const&>(std::allocator<std::pair<std::__cxx11::basic_string<char, std::char_traits<char>, std::allocator<char> > const, mediapipe::tool::FieldDescriptor> >*, absl::container_internal::map_slot_type<std::__cxx11::basic_string<char, std::char_traits<char>, std::allocator<char> >, mediapipe::tool::FieldDescriptor>*, std::pair<std::__cxx11::basic_string<char, std::char_traits<char>, std::allocator<char> > const, mediapipe::tool::FieldDescriptor> const&) (container_memory.h:386)
==72637==    by 0x6DF48DB: void absl::container_internal::FlatHashMapPolicy<std::__cxx11::basic_string<char, std::char_traits<char>, std::allocator<char> >, mediapipe::tool::FieldDescriptor>::construct<std::allocator<std::pair<std::__cxx11::basic_string<char, std::char_traits<char>, std::allocator<char> > const, mediapipe::tool::FieldDescriptor> >, std::pair<std::__cxx11::basic_string<char, std::char_traits<char>, std::allocator<char> > const, mediapipe::tool::FieldDescriptor> const&>(std::allocator<std::pair<std::__cxx11::basic_string<char, std::char_traits<char>, std::allocator<char> > const, mediapipe::tool::FieldDescriptor> >*, absl::container_internal::map_slot_type<std::__cxx11::basic_string<char, std::char_traits<char>, std::allocator<char> >, mediapipe::tool::FieldDescriptor>*, std::pair<std::__cxx11::basic_string<char, std::char_traits<char>, std::allocator<char> > const, mediapipe::tool::FieldDescriptor> const&) (flat_hash_map.h:573)
==72637==    by 0x6DF2BE7: void absl::container_internal::common_policy_traits<absl::container_internal::FlatHashMapPolicy<std::__cxx11::basic_string<char, std::char_traits<char>, std::allocator<char> >, mediapipe::tool::FieldDescriptor>, void>::construct<std::allocator<std::pair<std::__cxx11::basic_string<char, std::char_traits<char>, std::allocator<char> > const, mediapipe::tool::FieldDescriptor> >, std::pair<std::__cxx11::basic_string<char, std::char_traits<char>, std::allocator<char> > const, mediapipe::tool::FieldDescriptor> const&>(std::allocator<std::pair<std::__cxx11::basic_string<char, std::char_traits<char>, std::allocator<char> > const, mediapipe::tool::FieldDescriptor> >*, absl::container_internal::map_slot_type<std::__cxx11::basic_string<char, std::char_traits<char>, std::allocator<char> >, mediapipe::tool::FieldDescriptor>*, std::pair<std::__cxx11::basic_string<char, std::char_traits<char>, std::allocator<char> > const, mediapipe::tool::FieldDescriptor> const&) (common_policy_traits.h:43)
==72637==    by 0x6DF0D43: void absl::container_internal::raw_hash_set<absl::container_internal::FlatHashMapPolicy<std::__cxx11::basic_string<char, std::char_traits<char>, std::allocator<char> >, mediapipe::tool::FieldDescriptor>, absl::container_internal::StringHash, absl::container_internal::StringEq, std::allocator<std::pair<std::__cxx11::basic_string<char, std::char_traits<char>, std::allocator<char> > const, mediapipe::tool::FieldDescriptor> > >::emplace_at<std::pair<std::__cxx11::basic_string<char, std::char_traits<char>, std::allocator<char> > const, mediapipe::tool::FieldDescriptor> const&>(unsigned long, std::pair<std::__cxx11::basic_string<char, std::char_traits<char>, std::allocator<char> > const, mediapipe::tool::FieldDescriptor> const&) (raw_hash_set.h:2819)
==72637==    by 0x6DEF5D3: absl::container_internal::raw_hash_set<absl::container_internal::FlatHashMapPolicy<std::__cxx11::basic_string<char, std::char_traits<char>, std::allocator<char> >, mediapipe::tool::FieldDescriptor>, absl::container_internal::StringHash, absl::container_internal::StringEq, std::allocator<std::pair<std::__cxx11::basic_string<char, std::char_traits<char>, std::allocator<char> > const, mediapipe::tool::FieldDescriptor> > >::raw_hash_set(absl::container_internal::raw_hash_set<absl::container_internal::FlatHashMapPolicy<std::__cxx11::basic_string<char, std::char_traits<char>, std::allocator<char> >, mediapipe::tool::FieldDescriptor>, absl::container_internal::StringHash, absl::container_internal::StringEq, std::allocator<std::pair<std::__cxx11::basic_string<char, std::char_traits<char>, std::allocator<char> > const, mediapipe::tool::FieldDescriptor> > > const&, std::allocator<std::pair<std::__cxx11::basic_string<char, std::char_traits<char>, std::allocator<char> > const, mediapipe::tool::FieldDescriptor> > const&) (raw_hash_set.h:1915)
==72637==    by 0x6DEE62F: absl::container_internal::raw_hash_set<absl::container_internal::FlatHashMapPolicy<std::__cxx11::basic_string<char, std::char_traits<char>, std::allocator<char> >, mediapipe::tool::FieldDescriptor>, absl::container_internal::StringHash, absl::container_internal::StringEq, std::allocator<std::pair<std::__cxx11::basic_string<char, std::char_traits<char>, std::allocator<char> > const, mediapipe::tool::FieldDescriptor> > >::operator=(absl::container_internal::raw_hash_set<absl::container_internal::FlatHashMapPolicy<std::__cxx11::basic_string<char, std::char_traits<char>, std::allocator<char> >, mediapipe::tool::FieldDescriptor>, absl::container_internal::StringHash, absl::container_internal::StringEq, std::allocator<std::pair<std::__cxx11::basic_string<char, std::char_traits<char>, std::allocator<char> > const, mediapipe::tool::FieldDescriptor> > > const&) (raw_hash_set.h:1956)
==72637==    by 0x6DEE12B: absl::container_internal::raw_hash_map<absl::container_internal::FlatHashMapPolicy<std::__cxx11::basic_string<char, std::char_traits<char>, std::allocator<char> >, mediapipe::tool::FieldDescriptor>, absl::container_internal::StringHash, absl::container_internal::StringEq, std::allocator<std::pair<std::__cxx11::basic_string<char, std::char_traits<char>, std::allocator<char> > const, mediapipe::tool::FieldDescriptor> > >::operator=(absl::container_internal::raw_hash_map<absl::container_internal::FlatHashMapPolicy<std::__cxx11::basic_string<char, std::char_traits<char>, std::allocator<char> >, mediapipe::tool::FieldDescriptor>, absl::container_internal::StringHash, absl::container_internal::StringEq, std::allocator<std::pair<std::__cxx11::basic_string<char, std::char_traits<char>, std::allocator<char> > const, mediapipe::tool::FieldDescriptor> > > const&) (raw_hash_map.h:33)
==72637== 
==72637== 1,165 bytes in 54 blocks are possibly lost in loss record 1,263 of 1,423
==72637==    at 0x4885828: operator new(unsigned long) (vg_replace_malloc.c:422)
==72637==    by 0x67FE63: void std::__cxx11::basic_string<char, std::char_traits<char>, std::allocator<char> >::_M_construct<char*>(char*, char*, std::forward_iterator_tag) (basic_string.tcc:225)
==72637==    by 0x6DF0F9F: mediapipe::tool::FieldDescriptor::FieldDescriptor(mediapipe::tool::FieldDescriptor const&) (options_registry.h:68)
==72637==    by 0x6DF871B: std::pair<std::__cxx11::basic_string<char, std::char_traits<char>, std::allocator<char> >, mediapipe::tool::FieldDescriptor>::pair<std::__cxx11::basic_string<char, std::char_traits<char>, std::allocator<char> > const, mediapipe::tool::FieldDescriptor, true>(std::pair<std::__cxx11::basic_string<char, std::char_traits<char>, std::allocator<char> > const, mediapipe::tool::FieldDescriptor> const&) (stl_pair.h:439)
==72637==    by 0x6DF7B67: void std::__new_allocator<std::pair<std::__cxx11::basic_string<char, std::char_traits<char>, std::allocator<char> > const, mediapipe::tool::FieldDescriptor> >::construct<std::pair<std::__cxx11::basic_string<char, std::char_traits<char>, std::allocator<char> >, mediapipe::tool::FieldDescriptor>, std::pair<std::__cxx11::basic_string<char, std::char_traits<char>, std::allocator<char> > const, mediapipe::tool::FieldDescriptor> const&>(std::pair<std::__cxx11::basic_string<char, std::char_traits<char>, std::allocator<char> >, mediapipe::tool::FieldDescriptor>*, std::pair<std::__cxx11::basic_string<char, std::char_traits<char>, std::allocator<char> > const, mediapipe::tool::FieldDescriptor> const&) (new_allocator.h:175)
==72637==    by 0x6DF6DE7: void std::allocator_traits<std::allocator<std::pair<std::__cxx11::basic_string<char, std::char_traits<char>, std::allocator<char> > const, mediapipe::tool::FieldDescriptor> > >::construct<std::pair<std::__cxx11::basic_string<char, std::char_traits<char>, std::allocator<char> >, mediapipe::tool::FieldDescriptor>, std::pair<std::__cxx11::basic_string<char, std::char_traits<char>, std::allocator<char> > const, mediapipe::tool::FieldDescriptor> const&>(std::allocator<std::pair<std::__cxx11::basic_string<char, std::char_traits<char>, std::allocator<char> > const, mediapipe::tool::FieldDescriptor> >&, std::pair<std::__cxx11::basic_string<char, std::char_traits<char>, std::allocator<char> >, mediapipe::tool::FieldDescriptor>*, std::pair<std::__cxx11::basic_string<char, std::char_traits<char>, std::allocator<char> > const, mediapipe::tool::FieldDescriptor> const&) (alloc_traits.h:516)
==72637==    by 0x6DF5DC3: void absl::container_internal::map_slot_policy<std::__cxx11::basic_string<char, std::char_traits<char>, std::allocator<char> >, mediapipe::tool::FieldDescriptor>::construct<std::allocator<std::pair<std::__cxx11::basic_string<char, std::char_traits<char>, std::allocator<char> > const, mediapipe::tool::FieldDescriptor> >, std::pair<std::__cxx11::basic_string<char, std::char_traits<char>, std::allocator<char> > const, mediapipe::tool::FieldDescriptor> const&>(std::allocator<std::pair<std::__cxx11::basic_string<char, std::char_traits<char>, std::allocator<char> > const, mediapipe::tool::FieldDescriptor> >*, absl::container_internal::map_slot_type<std::__cxx11::basic_string<char, std::char_traits<char>, std::allocator<char> >, mediapipe::tool::FieldDescriptor>*, std::pair<std::__cxx11::basic_string<char, std::char_traits<char>, std::allocator<char> > const, mediapipe::tool::FieldDescriptor> const&) (container_memory.h:386)
==72637==    by 0x6DF48DB: void absl::container_internal::FlatHashMapPolicy<std::__cxx11::basic_string<char, std::char_traits<char>, std::allocator<char> >, mediapipe::tool::FieldDescriptor>::construct<std::allocator<std::pair<std::__cxx11::basic_string<char, std::char_traits<char>, std::allocator<char> > const, mediapipe::tool::FieldDescriptor> >, std::pair<std::__cxx11::basic_string<char, std::char_traits<char>, std::allocator<char> > const, mediapipe::tool::FieldDescriptor> const&>(std::allocator<std::pair<std::__cxx11::basic_string<char, std::char_traits<char>, std::allocator<char> > const, mediapipe::tool::FieldDescriptor> >*, absl::container_internal::map_slot_type<std::__cxx11::basic_string<char, std::char_traits<char>, std::allocator<char> >, mediapipe::tool::FieldDescriptor>*, std::pair<std::__cxx11::basic_string<char, std::char_traits<char>, std::allocator<char> > const, mediapipe::tool::FieldDescriptor> const&) (flat_hash_map.h:573)
==72637==    by 0x6DF2BE7: void absl::container_internal::common_policy_traits<absl::container_internal::FlatHashMapPolicy<std::__cxx11::basic_string<char, std::char_traits<char>, std::allocator<char> >, mediapipe::tool::FieldDescriptor>, void>::construct<std::allocator<std::pair<std::__cxx11::basic_string<char, std::char_traits<char>, std::allocator<char> > const, mediapipe::tool::FieldDescriptor> >, std::pair<std::__cxx11::basic_string<char, std::char_traits<char>, std::allocator<char> > const, mediapipe::tool::FieldDescriptor> const&>(std::allocator<std::pair<std::__cxx11::basic_string<char, std::char_traits<char>, std::allocator<char> > const, mediapipe::tool::FieldDescriptor> >*, absl::container_internal::map_slot_type<std::__cxx11::basic_string<char, std::char_traits<char>, std::allocator<char> >, mediapipe::tool::FieldDescriptor>*, std::pair<std::__cxx11::basic_string<char, std::char_traits<char>, std::allocator<char> > const, mediapipe::tool::FieldDescriptor> const&) (common_policy_traits.h:43)
==72637==    by 0x6DF0D43: void absl::container_internal::raw_hash_set<absl::container_internal::FlatHashMapPolicy<std::__cxx11::basic_string<char, std::char_traits<char>, std::allocator<char> >, mediapipe::tool::FieldDescriptor>, absl::container_internal::StringHash, absl::container_internal::StringEq, std::allocator<std::pair<std::__cxx11::basic_string<char, std::char_traits<char>, std::allocator<char> > const, mediapipe::tool::FieldDescriptor> > >::emplace_at<std::pair<std::__cxx11::basic_string<char, std::char_traits<char>, std::allocator<char> > const, mediapipe::tool::FieldDescriptor> const&>(unsigned long, std::pair<std::__cxx11::basic_string<char, std::char_traits<char>, std::allocator<char> > const, mediapipe::tool::FieldDescriptor> const&) (raw_hash_set.h:2819)
==72637==    by 0x6DEF5D3: absl::container_internal::raw_hash_set<absl::container_internal::FlatHashMapPolicy<std::__cxx11::basic_string<char, std::char_traits<char>, std::allocator<char> >, mediapipe::tool::FieldDescriptor>, absl::container_internal::StringHash, absl::container_internal::StringEq, std::allocator<std::pair<std::__cxx11::basic_string<char, std::char_traits<char>, std::allocator<char> > const, mediapipe::tool::FieldDescriptor> > >::raw_hash_set(absl::container_internal::raw_hash_set<absl::container_internal::FlatHashMapPolicy<std::__cxx11::basic_string<char, std::char_traits<char>, std::allocator<char> >, mediapipe::tool::FieldDescriptor>, absl::container_internal::StringHash, absl::container_internal::StringEq, std::allocator<std::pair<std::__cxx11::basic_string<char, std::char_traits<char>, std::allocator<char> > const, mediapipe::tool::FieldDescriptor> > > const&, std::allocator<std::pair<std::__cxx11::basic_string<char, std::char_traits<char>, std::allocator<char> > const, mediapipe::tool::FieldDescriptor> > const&) (raw_hash_set.h:1915)
==72637==    by 0x6DEE62F: absl::container_internal::raw_hash_set<absl::container_internal::FlatHashMapPolicy<std::__cxx11::basic_string<char, std::char_traits<char>, std::allocator<char> >, mediapipe::tool::FieldDescriptor>, absl::container_internal::StringHash, absl::container_internal::StringEq, std::allocator<std::pair<std::__cxx11::basic_string<char, std::char_traits<char>, std::allocator<char> > const, mediapipe::tool::FieldDescriptor> > >::operator=(absl::container_internal::raw_hash_set<absl::container_internal::FlatHashMapPolicy<std::__cxx11::basic_string<char, std::char_traits<char>, std::allocator<char> >, mediapipe::tool::FieldDescriptor>, absl::container_internal::StringHash, absl::container_internal::StringEq, std::allocator<std::pair<std::__cxx11::basic_string<char, std::char_traits<char>, std::allocator<char> > const, mediapipe::tool::FieldDescriptor> > > const&) (raw_hash_set.h:1956)
==72637== 
==72637== 1,271 bytes in 33 blocks are possibly lost in loss record 1,266 of 1,423
==72637==    at 0x4885828: operator new(unsigned long) (vg_replace_malloc.c:422)
==72637==    by 0x67FE63: void std::__cxx11::basic_string<char, std::char_traits<char>, std::allocator<char> >::_M_construct<char*>(char*, char*, std::forward_iterator_tag) (basic_string.tcc:225)
==72637==    by 0x6DF9343: std::pair<std::__cxx11::basic_string<char, std::char_traits<char>, std::allocator<char> >, mediapipe::tool::Descriptor>::pair<std::__cxx11::basic_string<char, std::char_traits<char>, std::allocator<char> > const&, 0ul>(std::tuple<std::__cxx11::basic_string<char, std::char_traits<char>, std::allocator<char> > const&>&, std::tuple<>&, std::_Index_tuple<0ul>, std::_Index_tuple<>) (tuple:1817)
==72637==    by 0x6DF8E37: std::pair<std::__cxx11::basic_string<char, std::char_traits<char>, std::allocator<char> >, mediapipe::tool::Descriptor>::pair<std::__cxx11::basic_string<char, std::char_traits<char>, std::allocator<char> > const&>(std::piecewise_construct_t, std::tuple<std::__cxx11::basic_string<char, std::char_traits<char>, std::allocator<char> > const&>, std::tuple<>) (tuple:1807)
==72637==    by 0x6DF857F: void std::__new_allocator<std::pair<std::__cxx11::basic_string<char, std::char_traits<char>, std::allocator<char> > const, mediapipe::tool::Descriptor> >::construct<std::pair<std::__cxx11::basic_string<char, std::char_traits<char>, std::allocator<char> >, mediapipe::tool::Descriptor>, std::piecewise_construct_t const&, std::tuple<std::__cxx11::basic_string<char, std::char_traits<char>, std::allocator<char> > const&>, std::tuple<> >(std::pair<std::__cxx11::basic_string<char, std::char_traits<char>, std::allocator<char> >, mediapipe::tool::Descriptor>*, std::piecewise_construct_t const&, std::tuple<std::__cxx11::basic_string<char, std::char_traits<char>, std::allocator<char> > const&>&&, std::tuple<>&&) (new_allocator.h:175)
==72637==    by 0x6DF797B: void std::allocator_traits<std::allocator<std::pair<std::__cxx11::basic_string<char, std::char_traits<char>, std::allocator<char> > const, mediapipe::tool::Descriptor> > >::construct<std::pair<std::__cxx11::basic_string<char, std::char_traits<char>, std::allocator<char> >, mediapipe::tool::Descriptor>, std::piecewise_construct_t const&, std::tuple<std::__cxx11::basic_string<char, std::char_traits<char>, std::allocator<char> > const&>, std::tuple<> >(std::allocator<std::pair<std::__cxx11::basic_string<char, std::char_traits<char>, std::allocator<char> > const, mediapipe::tool::Descriptor> >&, std::pair<std::__cxx11::basic_string<char, std::char_traits<char>, std::allocator<char> >, mediapipe::tool::Descriptor>*, std::piecewise_construct_t const&, std::tuple<std::__cxx11::basic_string<char, std::char_traits<char>, std::allocator<char> > const&>&&, std::tuple<>&&) (alloc_traits.h:516)
==72637==    by 0x6DF6B97: void absl::container_internal::map_slot_policy<std::__cxx11::basic_string<char, std::char_traits<char>, std::allocator<char> >, mediapipe::tool::Descriptor>::construct<std::allocator<std::pair<std::__cxx11::basic_string<char, std::char_traits<char>, std::allocator<char> > const, mediapipe::tool::Descriptor> >, std::piecewise_construct_t const&, std::tuple<std::__cxx11::basic_string<char, std::char_traits<char>, std::allocator<char> > const&>, std::tuple<> >(std::allocator<std::pair<std::__cxx11::basic_string<char, std::char_traits<char>, std::allocator<char> > const, mediapipe::tool::Descriptor> >*, absl::container_internal::map_slot_type<std::__cxx11::basic_string<char, std::char_traits<char>, std::allocator<char> >, mediapipe::tool::Descriptor>*, std::piecewise_construct_t const&, std::tuple<std::__cxx11::basic_string<char, std::char_traits<char>, std::allocator<char> > const&>&&, std::tuple<>&&) (container_memory.h:386)
==72637==    by 0x6DF5BCF: void absl::container_internal::FlatHashMapPolicy<std::__cxx11::basic_string<char, std::char_traits<char>, std::allocator<char> >, mediapipe::tool::Descriptor>::construct<std::allocator<std::pair<std::__cxx11::basic_string<char, std::char_traits<char>, std::allocator<char> > const, mediapipe::tool::Descriptor> >, std::piecewise_construct_t const&, std::tuple<std::__cxx11::basic_string<char, std::char_traits<char>, std::allocator<char> > const&>, std::tuple<> >(std::allocator<std::pair<std::__cxx11::basic_string<char, std::char_traits<char>, std::allocator<char> > const, mediapipe::tool::Descriptor> >*, absl::container_internal::map_slot_type<std::__cxx11::basic_string<char, std::char_traits<char>, std::allocator<char> >, mediapipe::tool::Descriptor>*, std::piecewise_construct_t const&, std::tuple<std::__cxx11::basic_string<char, std::char_traits<char>, std::allocator<char> > const&>&&, std::tuple<>&&) (flat_hash_map.h:573)
==72637==    by 0x6DF442F: void absl::container_internal::common_policy_traits<absl::container_internal::FlatHashMapPolicy<std::__cxx11::basic_string<char, std::char_traits<char>, std::allocator<char> >, mediapipe::tool::Descriptor>, void>::construct<std::allocator<std::pair<std::__cxx11::basic_string<char, std::char_traits<char>, std::allocator<char> > const, mediapipe::tool::Descriptor> >, std::piecewise_construct_t const&, std::tuple<std::__cxx11::basic_string<char, std::char_traits<char>, std::allocator<char> > const&>, std::tuple<> >(std::allocator<std::pair<std::__cxx11::basic_string<char, std::char_traits<char>, std::allocator<char> > const, mediapipe::tool::Descriptor> >*, absl::container_internal::map_slot_type<std::__cxx11::basic_string<char, std::char_traits<char>, std::allocator<char> >, mediapipe::tool::Descriptor>*, std::piecewise_construct_t const&, std::tuple<std::__cxx11::basic_string<char, std::char_traits<char>, std::allocator<char> > const&>&&, std::tuple<>&&) (common_policy_traits.h:43)
==72637==    by 0x6DF2597: void absl::container_internal::raw_hash_set<absl::container_internal::FlatHashMapPolicy<std::__cxx11::basic_string<char, std::char_traits<char>, std::allocator<char> >, mediapipe::tool::Descriptor>, absl::container_internal::StringHash, absl::container_internal::StringEq, std::allocator<std::pair<std::__cxx11::basic_string<char, std::char_traits<char>, std::allocator<char> > const, mediapipe::tool::Descriptor> > >::emplace_at<std::piecewise_construct_t const&, std::tuple<std::__cxx11::basic_string<char, std::char_traits<char>, std::allocator<char> > const&>, std::tuple<> >(unsigned long, std::piecewise_construct_t const&, std::tuple<std::__cxx11::basic_string<char, std::char_traits<char>, std::allocator<char> > const&>&&, std::tuple<>&&) (raw_hash_set.h:2819)
==72637==    by 0x6DF09CB: std::pair<absl::container_internal::raw_hash_set<absl::container_internal::FlatHashMapPolicy<std::__cxx11::basic_string<char, std::char_traits<char>, std::allocator<char> >, mediapipe::tool::Descriptor>, absl::container_internal::StringHash, absl::container_internal::StringEq, std::allocator<std::pair<std::__cxx11::basic_string<char, std::char_traits<char>, std::allocator<char> > const, mediapipe::tool::Descriptor> > >::iterator, bool> absl::container_internal::raw_hash_map<absl::container_internal::FlatHashMapPolicy<std::__cxx11::basic_string<char, std::char_traits<char>, std::allocator<char> >, mediapipe::tool::Descriptor>, absl::container_internal::StringHash, absl::container_internal::StringEq, std::allocator<std::pair<std::__cxx11::basic_string<char, std::char_traits<char>, std::allocator<char> > const, mediapipe::tool::Descriptor> > >::try_emplace_impl<std::__cxx11::basic_string<char, std::char_traits<char>, std::allocator<char> > const&>(std::__cxx11::basic_string<char, std::char_traits<char>, std::allocator<char> > const&) (raw_hash_map.h:206)
==72637==    by 0x6DEF40B: std::pair<absl::container_internal::raw_hash_set<absl::container_internal::FlatHashMapPolicy<std::__cxx11::basic_string<char, std::char_traits<char>, std::allocator<char> >, mediapipe::tool::Descriptor>, absl::container_internal::StringHash, absl::container_internal::StringEq, std::allocator<std::pair<std::__cxx11::basic_string<char, std::char_traits<char>, std::allocator<char> > const, mediapipe::tool::Descriptor> > >::iterator, bool> absl::container_internal::raw_hash_map<absl::container_internal::FlatHashMapPolicy<std::__cxx11::basic_string<char, std::char_traits<char>, std::allocator<char> >, mediapipe::tool::Descriptor>, absl::container_internal::StringHash, absl::container_internal::StringEq, std::allocator<std::pair<std::__cxx11::basic_string<char, std::char_traits<char>, std::allocator<char> > const, mediapipe::tool::Descriptor> > >::try_emplace<std::__cxx11::basic_string<char, std::char_traits<char>, std::allocator<char> >, , 0>(std::__cxx11::basic_string<char, std::char_traits<char>, std::allocator<char> > const&) (raw_hash_map.h:141)
==72637== 
==72637== 1,272 bytes in 53 blocks are possibly lost in loss record 1,276 of 1,423
==72637==    at 0x4885828: operator new(unsigned long) (vg_replace_malloc.c:422)
==72637==    by 0x621DC67: std::__new_allocator<absl::container_internal::AlignedType<8ul> >::allocate(unsigned long, void const*) (new_allocator.h:137)
==72637==    by 0x621D5BF: std::allocator_traits<std::allocator<absl::container_internal::AlignedType<8ul> > >::allocate(std::allocator<absl::container_internal::AlignedType<8ul> >&, unsigned long) (alloc_traits.h:464)
==72637==    by 0x621CB8F: void* absl::container_internal::Allocate<8ul, std::allocator<char> >(std::allocator<char>*, unsigned long) (container_memory.h:65)
==72637==    by 0x62F4623: void absl::container_internal::InitializeSlots<std::allocator<char>, 4ul, 4ul>(absl::container_internal::CommonFields&, std::allocator<char>) (raw_hash_set.h:1488)
==72637==    by 0x62F2A73: absl::container_internal::raw_hash_set<absl::container_internal::FlatHashSetPolicy<int>, absl::hash_internal::Hash<int>, std::equal_to<int>, std::allocator<int> >::initialize_slots() (raw_hash_set.h:2602)
==72637==    by 0x62F7F77: absl::container_internal::raw_hash_set<absl::container_internal::FlatHashSetPolicy<int>, absl::hash_internal::Hash<int>, std::equal_to<int>, std::allocator<int> >::resize(unsigned long) (raw_hash_set.h:2613)
==72637==    by 0x62F81BB: absl::container_internal::raw_hash_set<absl::container_internal::FlatHashSetPolicy<int>, absl::hash_internal::Hash<int>, std::equal_to<int>, std::allocator<int> >::rehash_and_grow_if_necessary() (raw_hash_set.h:2702)
==72637==    by 0x62F7A1B: absl::container_internal::raw_hash_set<absl::container_internal::FlatHashSetPolicy<int>, absl::hash_internal::Hash<int>, std::equal_to<int>, std::allocator<int> >::prepare_insert(unsigned long) (raw_hash_set.h:2798)
==72637==    by 0x62F724F: std::pair<unsigned long, bool> absl::container_internal::raw_hash_set<absl::container_internal::FlatHashSetPolicy<int>, absl::hash_internal::Hash<int>, std::equal_to<int>, std::allocator<int> >::find_or_prepare_insert<int>(int const&) (raw_hash_set.h:2779)
==72637==    by 0x62F684F: std::pair<absl::container_internal::raw_hash_set<absl::container_internal::FlatHashSetPolicy<int>, absl::hash_internal::Hash<int>, std::equal_to<int>, std::allocator<int> >::iterator, bool> absl::container_internal::raw_hash_set<absl::container_internal::FlatHashSetPolicy<int>, absl::hash_internal::Hash<int>, std::equal_to<int>, std::allocator<int> >::EmplaceDecomposable::operator()<int, int const&>(int const&, int const&) const (raw_hash_set.h:2529)
==72637==    by 0x62F5C8F: decltype (((declval<absl::container_internal::raw_hash_set<absl::container_internal::FlatHashSetPolicy<int>, absl::hash_internal::Hash<int>, std::equal_to<int>, std::allocator<int> >::EmplaceDecomposable>)())((declval<int const& const&>)(), (declval<int const&>)())) absl::container_internal::DecomposeValue<absl::container_internal::raw_hash_set<absl::container_internal::FlatHashSetPolicy<int>, absl::hash_internal::Hash<int>, std::equal_to<int>, std::allocator<int> >::EmplaceDecomposable, int const&>(absl::container_internal::raw_hash_set<absl::container_internal::FlatHashSetPolicy<int>, absl::hash_internal::Hash<int>, std::equal_to<int>, std::allocator<int> >::EmplaceDecomposable&&, int const&) (container_memory.h:216)
==72637== 
==72637== 1,694 bytes in 56 blocks are possibly lost in loss record 1,290 of 1,423
==72637==    at 0x4885828: operator new(unsigned long) (vg_replace_malloc.c:422)
==72637==    by 0x67FE63: void std::__cxx11::basic_string<char, std::char_traits<char>, std::allocator<char> >::_M_construct<char*>(char*, char*, std::forward_iterator_tag) (basic_string.tcc:225)
==72637==    by 0x622F9E3: std::pair<std::__cxx11::basic_string<char, std::char_traits<char>, std::allocator<char> > const, std::function<std::unique_ptr<mediapipe::internal::CalculatorBaseFactory, std::default_delete<mediapipe::internal::CalculatorBaseFactory> > ()> >::pair(std::pair<std::__cxx11::basic_string<char, std::char_traits<char>, std::allocator<char> > const, std::function<std::unique_ptr<mediapipe::internal::CalculatorBaseFactory, std::default_delete<mediapipe::internal::CalculatorBaseFactory> > ()> >&&) (stl_pair.h:196)
==72637==    by 0x622FA53: void std::__new_allocator<std::pair<std::__cxx11::basic_string<char, std::char_traits<char>, std::allocator<char> > const, std::function<std::unique_ptr<mediapipe::internal::CalculatorBaseFactory, std::default_delete<mediapipe::internal::CalculatorBaseFactory> > ()> > >::construct<std::pair<std::__cxx11::basic_string<char, std::char_traits<char>, std::allocator<char> > const, std::function<std::unique_ptr<mediapipe::internal::CalculatorBaseFactory, std::default_delete<mediapipe::internal::CalculatorBaseFactory> > ()> >, std::pair<std::__cxx11::basic_string<char, std::char_traits<char>, std::allocator<char> > const, std::function<std::unique_ptr<mediapipe::internal::CalculatorBaseFactory, std::default_delete<mediapipe::internal::CalculatorBaseFactory> > ()> > >(std::pair<std::__cxx11::basic_string<char, std::char_traits<char>, std::allocator<char> > const, std::function<std::unique_ptr<mediapipe::internal::CalculatorBaseFactory, std::default_delete<mediapipe::internal::CalculatorBaseFactory> > ()> >*, std::pair<std::__cxx11::basic_string<char, std::char_traits<char>, std::allocator<char> > const, std::function<std::unique_ptr<mediapipe::internal::CalculatorBaseFactory, std::default_delete<mediapipe::internal::CalculatorBaseFactory> > ()> >&&) (new_allocator.h:175)
==72637==    by 0x622F63B: void std::allocator_traits<std::allocator<std::pair<std::__cxx11::basic_string<char, std::char_traits<char>, std::allocator<char> > const, std::function<std::unique_ptr<mediapipe::internal::CalculatorBaseFactory, std::default_delete<mediapipe::internal::CalculatorBaseFactory> > ()> > > >::construct<std::pair<std::__cxx11::basic_string<char, std::char_traits<char>, std::allocator<char> > const, std::function<std::unique_ptr<mediapipe::internal::CalculatorBaseFactory, std::default_delete<mediapipe::internal::CalculatorBaseFactory> > ()> >, std::pair<std::__cxx11::basic_string<char, std::char_traits<char>, std::allocator<char> > const, std::function<std::unique_ptr<mediapipe::internal::CalculatorBaseFactory, std::default_delete<mediapipe::internal::CalculatorBaseFactory> > ()> > >(std::allocator<std::pair<std::__cxx11::basic_string<char, std::char_traits<char>, std::allocator<char> > const, std::function<std::unique_ptr<mediapipe::internal::CalculatorBaseFactory, std::default_delete<mediapipe::internal::CalculatorBaseFactory> > ()> > >&, std::pair<std::__cxx11::basic_string<char, std::char_traits<char>, std::allocator<char> > const, std::function<std::unique_ptr<mediapipe::internal::CalculatorBaseFactory, std::default_delete<mediapipe::internal::CalculatorBaseFactory> > ()> >*, std::pair<std::__cxx11::basic_string<char, std::char_traits<char>, std::allocator<char> > const, std::function<std::unique_ptr<mediapipe::internal::CalculatorBaseFactory, std::default_delete<mediapipe::internal::CalculatorBaseFactory> > ()> >&&) (alloc_traits.h:516)
==72637==    by 0x622F293: void absl::container_internal::map_slot_policy<std::__cxx11::basic_string<char, std::char_traits<char>, std::allocator<char> >, std::function<std::unique_ptr<mediapipe::internal::CalculatorBaseFactory, std::default_delete<mediapipe::internal::CalculatorBaseFactory> > ()> >::transfer<std::allocator<std::pair<std::__cxx11::basic_string<char, std::char_traits<char>, std::allocator<char> > const, std::function<std::unique_ptr<mediapipe::internal::CalculatorBaseFactory, std::default_delete<mediapipe::internal::CalculatorBaseFactory> > ()> > > >(std::allocator<std::pair<std::__cxx11::basic_string<char, std::char_traits<char>, std::allocator<char> > const, std::function<std::unique_ptr<mediapipe::internal::CalculatorBaseFactory, std::default_delete<mediapipe::internal::CalculatorBaseFactory> > ()> > >*, absl::container_internal::map_slot_type<std::__cxx11::basic_string<char, std::char_traits<char>, std::allocator<char> >, std::function<std::unique_ptr<mediapipe::internal::CalculatorBaseFactory, std::default_delete<mediapipe::internal::CalculatorBaseFactory> > ()> >*, absl::container_internal::map_slot_type<std::__cxx11::basic_string<char, std::char_traits<char>, std::allocator<char> >, std::function<std::unique_ptr<mediapipe::internal::CalculatorBaseFactory, std::default_delete<mediapipe::internal::CalculatorBaseFactory> > ()> >*) (container_memory.h:443)
==72637==    by 0x622EC8F: void absl::container_internal::FlatHashMapPolicy<std::__cxx11::basic_string<char, std::char_traits<char>, std::allocator<char> >, std::function<std::unique_ptr<mediapipe::internal::CalculatorBaseFactory, std::default_delete<mediapipe::internal::CalculatorBaseFactory> > ()> >::transfer<std::allocator<std::pair<std::__cxx11::basic_string<char, std::char_traits<char>, std::allocator<char> > const, std::function<std::unique_ptr<mediapipe::internal::CalculatorBaseFactory, std::default_delete<mediapipe::internal::CalculatorBaseFactory> > ()> > > >(std::allocator<std::pair<std::__cxx11::basic_string<char, std::char_traits<char>, std::allocator<char> > const, std::function<std::unique_ptr<mediapipe::internal::CalculatorBaseFactory, std::default_delete<mediapipe::internal::CalculatorBaseFactory> > ()> > >*, absl::container_internal::map_slot_type<std::__cxx11::basic_string<char, std::char_traits<char>, std::allocator<char> >, std::function<std::unique_ptr<mediapipe::internal::CalculatorBaseFactory, std::default_delete<mediapipe::internal::CalculatorBaseFactory> > ()> >*, absl::container_internal::map_slot_type<std::__cxx11::basic_string<char, std::char_traits<char>, std::allocator<char> >, std::function<std::unique_ptr<mediapipe::internal::CalculatorBaseFactory, std::default_delete<mediapipe::internal::CalculatorBaseFactory> > ()> >*) (flat_hash_map.h:584)
==72637==    by 0x622E5DB: decltype (absl::container_internal::FlatHashMapPolicy<std::__cxx11::basic_string<char, std::char_traits<char>, std::allocator<char> >, std::function<std::unique_ptr<mediapipe::internal::CalculatorBaseFactory, std::default_delete<mediapipe::internal::CalculatorBaseFactory> > ()> >::transfer({parm#1}, {parm#2}, {parm#3})) absl::container_internal::common_policy_traits<absl::container_internal::FlatHashMapPolicy<std::__cxx11::basic_string<char, std::char_traits<char>, std::allocator<char> >, std::function<std::unique_ptr<mediapipe::internal::CalculatorBaseFactory, std::default_delete<mediapipe::internal::CalculatorBaseFactory> > ()> >, void>::transfer_impl<std::allocator<std::pair<std::__cxx11::basic_string<char, std::char_traits<char>, std::allocator<char> > const, std::function<std::unique_ptr<mediapipe::internal::CalculatorBaseFactory, std::default_delete<mediapipe::internal::CalculatorBaseFactory> > ()> > >, absl::container_internal::FlatHashMapPolicy<std::__cxx11::basic_string<char, std::char_traits<char>, std::allocator<char> >, std::function<std::unique_ptr<mediapipe::internal::CalculatorBaseFactory, std::default_delete<mediapipe::internal::CalculatorBaseFactory> > ()> > >(std::allocator<std::pair<std::__cxx11::basic_string<char, std::char_traits<char>, std::allocator<char> > const, std::function<std::unique_ptr<mediapipe::internal::CalculatorBaseFactory, std::default_delete<mediapipe::internal::CalculatorBaseFactory> > ()> > >*, absl::container_internal::map_slot_type<std::__cxx11::basic_string<char, std::char_traits<char>, std::allocator<char> >, std::function<std::unique_ptr<mediapipe::internal::CalculatorBaseFactory, std::default_delete<mediapipe::internal::CalculatorBaseFactory> > ()> >*, absl::container_internal::map_slot_type<std::__cxx11::basic_string<char, std::char_traits<char>, std::allocator<char> >, std::function<std::unique_ptr<mediapipe::internal::CalculatorBaseFactory, std::default_delete<mediapipe::internal::CalculatorBaseFactory> > ()> >*, absl::container_internal::common_policy_traits<absl::container_internal::FlatHashMapPolicy<std::__cxx11::basic_string<char, std::char_traits<char>, std::allocator<char> >, std::function<std::unique_ptr<mediapipe::internal::CalculatorBaseFactory, std::default_delete<mediapipe::internal::CalculatorBaseFactory> > ()> >, void>::Rank0) (common_policy_traits.h:102)
==72637==    by 0x622DDAF: void absl::container_internal::common_policy_traits<absl::container_internal::FlatHashMapPolicy<std::__cxx11::basic_string<char, std::char_traits<char>, std::allocator<char> >, std::function<std::unique_ptr<mediapipe::internal::CalculatorBaseFactory, std::default_delete<mediapipe::internal::CalculatorBaseFactory> > ()> >, void>::transfer<std::allocator<std::pair<std::__cxx11::basic_string<char, std::char_traits<char>, std::allocator<char> > const, std::function<std::unique_ptr<mediapipe::internal::CalculatorBaseFactory, std::default_delete<mediapipe::internal::CalculatorBaseFactory> > ()> > > >(std::allocator<std::pair<std::__cxx11::basic_string<char, std::char_traits<char>, std::allocator<char> > const, std::function<std::unique_ptr<mediapipe::internal::CalculatorBaseFactory, std::default_delete<mediapipe::internal::CalculatorBaseFactory> > ()> > >*, absl::container_internal::map_slot_type<std::__cxx11::basic_string<char, std::char_traits<char>, std::allocator<char> >, std::function<std::unique_ptr<mediapipe::internal::CalculatorBaseFactory, std::default_delete<mediapipe::internal::CalculatorBaseFactory> > ()> >*, absl::container_internal::map_slot_type<std::__cxx11::basic_string<char, std::char_traits<char>, std::allocator<char> >, std::function<std::unique_ptr<mediapipe::internal::CalculatorBaseFactory, std::default_delete<mediapipe::internal::CalculatorBaseFactory> > ()> >*) (common_policy_traits.h:66)
==72637==    by 0x622D3F7: absl::container_internal::raw_hash_set<absl::container_internal::FlatHashMapPolicy<std::__cxx11::basic_string<char, std::char_traits<char>, std::allocator<char> >, std::function<std::unique_ptr<mediapipe::internal::CalculatorBaseFactory, std::default_delete<mediapipe::internal::CalculatorBaseFactory> > ()> >, absl::container_internal::StringHash, absl::container_internal::StringEq, std::allocator<std::pair<std::__cxx11::basic_string<char, std::char_traits<char>, std::allocator<char> > const, std::function<std::unique_ptr<mediapipe::internal::CalculatorBaseFactory, std::default_delete<mediapipe::internal::CalculatorBaseFactory> > ()> > > >::resize(unsigned long) (raw_hash_set.h:2625)
==72637==    by 0x622D53F: absl::container_internal::raw_hash_set<absl::container_internal::FlatHashMapPolicy<std::__cxx11::basic_string<char, std::char_traits<char>, std::allocator<char> >, std::function<std::unique_ptr<mediapipe::internal::CalculatorBaseFactory, std::default_delete<mediapipe::internal::CalculatorBaseFactory> > ()> >, absl::container_internal::StringHash, absl::container_internal::StringEq, std::allocator<std::pair<std::__cxx11::basic_string<char, std::char_traits<char>, std::allocator<char> > const, std::function<std::unique_ptr<mediapipe::internal::CalculatorBaseFactory, std::default_delete<mediapipe::internal::CalculatorBaseFactory> > ()> > > >::rehash_and_grow_if_necessary() (raw_hash_set.h:2702)
==72637==    by 0x622CBDF: absl::container_internal::raw_hash_set<absl::container_internal::FlatHashMapPolicy<std::__cxx11::basic_string<char, std::char_traits<char>, std::allocator<char> >, std::function<std::unique_ptr<mediapipe::internal::CalculatorBaseFactory, std::default_delete<mediapipe::internal::CalculatorBaseFactory> > ()> >, absl::container_internal::StringHash, absl::container_internal::StringEq, std::allocator<std::pair<std::__cxx11::basic_string<char, std::char_traits<char>, std::allocator<char> > const, std::function<std::unique_ptr<mediapipe::internal::CalculatorBaseFactory, std::default_delete<mediapipe::internal::CalculatorBaseFactory> > ()> > > >::prepare_insert(unsigned long) (raw_hash_set.h:2798)
==72637== 
==72637== 1,801 bytes in 45 blocks are possibly lost in loss record 1,304 of 1,423
==72637==    at 0x4885828: operator new(unsigned long) (vg_replace_malloc.c:422)
==72637==    by 0x67FE63: void std::__cxx11::basic_string<char, std::char_traits<char>, std::allocator<char> >::_M_construct<char*>(char*, char*, std::forward_iterator_tag) (basic_string.tcc:225)
==72637==    by 0x6DF0FDB: mediapipe::tool::FieldDescriptor::FieldDescriptor(mediapipe::tool::FieldDescriptor const&) (options_registry.h:68)
==72637==    by 0x6DF871B: std::pair<std::__cxx11::basic_string<char, std::char_traits<char>, std::allocator<char> >, mediapipe::tool::FieldDescriptor>::pair<std::__cxx11::basic_string<char, std::char_traits<char>, std::allocator<char> > const, mediapipe::tool::FieldDescriptor, true>(std::pair<std::__cxx11::basic_string<char, std::char_traits<char>, std::allocator<char> > const, mediapipe::tool::FieldDescriptor> const&) (stl_pair.h:439)
==72637==    by 0x6DF7B67: void std::__new_allocator<std::pair<std::__cxx11::basic_string<char, std::char_traits<char>, std::allocator<char> > const, mediapipe::tool::FieldDescriptor> >::construct<std::pair<std::__cxx11::basic_string<char, std::char_traits<char>, std::allocator<char> >, mediapipe::tool::FieldDescriptor>, std::pair<std::__cxx11::basic_string<char, std::char_traits<char>, std::allocator<char> > const, mediapipe::tool::FieldDescriptor> const&>(std::pair<std::__cxx11::basic_string<char, std::char_traits<char>, std::allocator<char> >, mediapipe::tool::FieldDescriptor>*, std::pair<std::__cxx11::basic_string<char, std::char_traits<char>, std::allocator<char> > const, mediapipe::tool::FieldDescriptor> const&) (new_allocator.h:175)
==72637==    by 0x6DF6DE7: void std::allocator_traits<std::allocator<std::pair<std::__cxx11::basic_string<char, std::char_traits<char>, std::allocator<char> > const, mediapipe::tool::FieldDescriptor> > >::construct<std::pair<std::__cxx11::basic_string<char, std::char_traits<char>, std::allocator<char> >, mediapipe::tool::FieldDescriptor>, std::pair<std::__cxx11::basic_string<char, std::char_traits<char>, std::allocator<char> > const, mediapipe::tool::FieldDescriptor> const&>(std::allocator<std::pair<std::__cxx11::basic_string<char, std::char_traits<char>, std::allocator<char> > const, mediapipe::tool::FieldDescriptor> >&, std::pair<std::__cxx11::basic_string<char, std::char_traits<char>, std::allocator<char> >, mediapipe::tool::FieldDescriptor>*, std::pair<std::__cxx11::basic_string<char, std::char_traits<char>, std::allocator<char> > const, mediapipe::tool::FieldDescriptor> const&) (alloc_traits.h:516)
==72637==    by 0x6DF5DC3: void absl::container_internal::map_slot_policy<std::__cxx11::basic_string<char, std::char_traits<char>, std::allocator<char> >, mediapipe::tool::FieldDescriptor>::construct<std::allocator<std::pair<std::__cxx11::basic_string<char, std::char_traits<char>, std::allocator<char> > const, mediapipe::tool::FieldDescriptor> >, std::pair<std::__cxx11::basic_string<char, std::char_traits<char>, std::allocator<char> > const, mediapipe::tool::FieldDescriptor> const&>(std::allocator<std::pair<std::__cxx11::basic_string<char, std::char_traits<char>, std::allocator<char> > const, mediapipe::tool::FieldDescriptor> >*, absl::container_internal::map_slot_type<std::__cxx11::basic_string<char, std::char_traits<char>, std::allocator<char> >, mediapipe::tool::FieldDescriptor>*, std::pair<std::__cxx11::basic_string<char, std::char_traits<char>, std::allocator<char> > const, mediapipe::tool::FieldDescriptor> const&) (container_memory.h:386)
==72637==    by 0x6DF48DB: void absl::container_internal::FlatHashMapPolicy<std::__cxx11::basic_string<char, std::char_traits<char>, std::allocator<char> >, mediapipe::tool::FieldDescriptor>::construct<std::allocator<std::pair<std::__cxx11::basic_string<char, std::char_traits<char>, std::allocator<char> > const, mediapipe::tool::FieldDescriptor> >, std::pair<std::__cxx11::basic_string<char, std::char_traits<char>, std::allocator<char> > const, mediapipe::tool::FieldDescriptor> const&>(std::allocator<std::pair<std::__cxx11::basic_string<char, std::char_traits<char>, std::allocator<char> > const, mediapipe::tool::FieldDescriptor> >*, absl::container_internal::map_slot_type<std::__cxx11::basic_string<char, std::char_traits<char>, std::allocator<char> >, mediapipe::tool::FieldDescriptor>*, std::pair<std::__cxx11::basic_string<char, std::char_traits<char>, std::allocator<char> > const, mediapipe::tool::FieldDescriptor> const&) (flat_hash_map.h:573)
==72637==    by 0x6DF2BE7: void absl::container_internal::common_policy_traits<absl::container_internal::FlatHashMapPolicy<std::__cxx11::basic_string<char, std::char_traits<char>, std::allocator<char> >, mediapipe::tool::FieldDescriptor>, void>::construct<std::allocator<std::pair<std::__cxx11::basic_string<char, std::char_traits<char>, std::allocator<char> > const, mediapipe::tool::FieldDescriptor> >, std::pair<std::__cxx11::basic_string<char, std::char_traits<char>, std::allocator<char> > const, mediapipe::tool::FieldDescriptor> const&>(std::allocator<std::pair<std::__cxx11::basic_string<char, std::char_traits<char>, std::allocator<char> > const, mediapipe::tool::FieldDescriptor> >*, absl::container_internal::map_slot_type<std::__cxx11::basic_string<char, std::char_traits<char>, std::allocator<char> >, mediapipe::tool::FieldDescriptor>*, std::pair<std::__cxx11::basic_string<char, std::char_traits<char>, std::allocator<char> > const, mediapipe::tool::FieldDescriptor> const&) (common_policy_traits.h:43)
==72637==    by 0x6DF0D43: void absl::container_internal::raw_hash_set<absl::container_internal::FlatHashMapPolicy<std::__cxx11::basic_string<char, std::char_traits<char>, std::allocator<char> >, mediapipe::tool::FieldDescriptor>, absl::container_internal::StringHash, absl::container_internal::StringEq, std::allocator<std::pair<std::__cxx11::basic_string<char, std::char_traits<char>, std::allocator<char> > const, mediapipe::tool::FieldDescriptor> > >::emplace_at<std::pair<std::__cxx11::basic_string<char, std::char_traits<char>, std::allocator<char> > const, mediapipe::tool::FieldDescriptor> const&>(unsigned long, std::pair<std::__cxx11::basic_string<char, std::char_traits<char>, std::allocator<char> > const, mediapipe::tool::FieldDescriptor> const&) (raw_hash_set.h:2819)
==72637==    by 0x6DEF5D3: absl::container_internal::raw_hash_set<absl::container_internal::FlatHashMapPolicy<std::__cxx11::basic_string<char, std::char_traits<char>, std::allocator<char> >, mediapipe::tool::FieldDescriptor>, absl::container_internal::StringHash, absl::container_internal::StringEq, std::allocator<std::pair<std::__cxx11::basic_string<char, std::char_traits<char>, std::allocator<char> > const, mediapipe::tool::FieldDescriptor> > >::raw_hash_set(absl::container_internal::raw_hash_set<absl::container_internal::FlatHashMapPolicy<std::__cxx11::basic_string<char, std::char_traits<char>, std::allocator<char> >, mediapipe::tool::FieldDescriptor>, absl::container_internal::StringHash, absl::container_internal::StringEq, std::allocator<std::pair<std::__cxx11::basic_string<char, std::char_traits<char>, std::allocator<char> > const, mediapipe::tool::FieldDescriptor> > > const&, std::allocator<std::pair<std::__cxx11::basic_string<char, std::char_traits<char>, std::allocator<char> > const, mediapipe::tool::FieldDescriptor> > const&) (raw_hash_set.h:1915)
==72637==    by 0x6DEE62F: absl::container_internal::raw_hash_set<absl::container_internal::FlatHashMapPolicy<std::__cxx11::basic_string<char, std::char_traits<char>, std::allocator<char> >, mediapipe::tool::FieldDescriptor>, absl::container_internal::StringHash, absl::container_internal::StringEq, std::allocator<std::pair<std::__cxx11::basic_string<char, std::char_traits<char>, std::allocator<char> > const, mediapipe::tool::FieldDescriptor> > >::operator=(absl::container_internal::raw_hash_set<absl::container_internal::FlatHashMapPolicy<std::__cxx11::basic_string<char, std::char_traits<char>, std::allocator<char> >, mediapipe::tool::FieldDescriptor>, absl::container_internal::StringHash, absl::container_internal::StringEq, std::allocator<std::pair<std::__cxx11::basic_string<char, std::char_traits<char>, std::allocator<char> > const, mediapipe::tool::FieldDescriptor> > > const&) (raw_hash_set.h:1956)
==72637== 
==72637== 2,032 bytes in 1 blocks are possibly lost in loss record 1,315 of 1,423
==72637==    at 0x4885828: operator new(unsigned long) (vg_replace_malloc.c:422)
==72637==    by 0x621DC67: std::__new_allocator<absl::container_internal::AlignedType<8ul> >::allocate(unsigned long, void const*) (new_allocator.h:137)
==72637==    by 0x621D5BF: std::allocator_traits<std::allocator<absl::container_internal::AlignedType<8ul> > >::allocate(std::allocator<absl::container_internal::AlignedType<8ul> >&, unsigned long) (alloc_traits.h:464)
==72637==    by 0x621CB8F: void* absl::container_internal::Allocate<8ul, std::allocator<char> >(std::allocator<char>*, unsigned long) (container_memory.h:65)
==72637==    by 0x621DE8B: void absl::container_internal::InitializeSlots<std::allocator<char>, 64ul, 8ul>(absl::container_internal::CommonFields&, std::allocator<char>) (raw_hash_set.h:1488)
==72637==    by 0x622EF0F: absl::container_internal::raw_hash_set<absl::container_internal::FlatHashMapPolicy<std::__cxx11::basic_string<char, std::char_traits<char>, std::allocator<char> >, std::function<std::unique_ptr<mediapipe::packet_internal::HolderBase, std::default_delete<mediapipe::packet_internal::HolderBase> > ()> >, absl::container_internal::StringHash, absl::container_internal::StringEq, std::allocator<std::pair<std::__cxx11::basic_string<char, std::char_traits<char>, std::allocator<char> > const, std::function<std::unique_ptr<mediapipe::packet_internal::HolderBase, std::default_delete<mediapipe::packet_internal::HolderBase> > ()> > > >::initialize_slots() (raw_hash_set.h:2602)
==72637==    by 0x622E83F: absl::container_internal::raw_hash_set<absl::container_internal::FlatHashMapPolicy<std::__cxx11::basic_string<char, std::char_traits<char>, std::allocator<char> >, std::function<std::unique_ptr<mediapipe::packet_internal::HolderBase, std::default_delete<mediapipe::packet_internal::HolderBase> > ()> >, absl::container_internal::StringHash, absl::container_internal::StringEq, std::allocator<std::pair<std::__cxx11::basic_string<char, std::char_traits<char>, std::allocator<char> > const, std::function<std::unique_ptr<mediapipe::packet_internal::HolderBase, std::default_delete<mediapipe::packet_internal::HolderBase> > ()> > > >::resize(unsigned long) (raw_hash_set.h:2613)
==72637==    by 0x622EA83: absl::container_internal::raw_hash_set<absl::container_internal::FlatHashMapPolicy<std::__cxx11::basic_string<char, std::char_traits<char>, std::allocator<char> >, std::function<std::unique_ptr<mediapipe::packet_internal::HolderBase, std::default_delete<mediapipe::packet_internal::HolderBase> > ()> >, absl::container_internal::StringHash, absl::container_internal::StringEq, std::allocator<std::pair<std::__cxx11::basic_string<char, std::char_traits<char>, std::allocator<char> > const, std::function<std::unique_ptr<mediapipe::packet_internal::HolderBase, std::default_delete<mediapipe::packet_internal::HolderBase> > ()> > > >::rehash_and_grow_if_necessary() (raw_hash_set.h:2702)
==72637==    by 0x622E1B3: absl::container_internal::raw_hash_set<absl::container_internal::FlatHashMapPolicy<std::__cxx11::basic_string<char, std::char_traits<char>, std::allocator<char> >, std::function<std::unique_ptr<mediapipe::packet_internal::HolderBase, std::default_delete<mediapipe::packet_internal::HolderBase> > ()> >, absl::container_internal::StringHash, absl::container_internal::StringEq, std::allocator<std::pair<std::__cxx11::basic_string<char, std::char_traits<char>, std::allocator<char> > const, std::function<std::unique_ptr<mediapipe::packet_internal::HolderBase, std::default_delete<mediapipe::packet_internal::HolderBase> > ()> > > >::prepare_insert(unsigned long) (raw_hash_set.h:2798)
==72637==    by 0x622D933: std::pair<unsigned long, bool> absl::container_internal::raw_hash_set<absl::container_internal::FlatHashMapPolicy<std::__cxx11::basic_string<char, std::char_traits<char>, std::allocator<char> >, std::function<std::unique_ptr<mediapipe::packet_internal::HolderBase, std::default_delete<mediapipe::packet_internal::HolderBase> > ()> >, absl::container_internal::StringHash, absl::container_internal::StringEq, std::allocator<std::pair<std::__cxx11::basic_string<char, std::char_traits<char>, std::allocator<char> > const, std::function<std::unique_ptr<mediapipe::packet_internal::HolderBase, std::default_delete<mediapipe::packet_internal::HolderBase> > ()> > > >::find_or_prepare_insert<std::__cxx11::basic_string<char, std::char_traits<char>, std::allocator<char> > >(std::__cxx11::basic_string<char, std::char_traits<char>, std::allocator<char> > const&) (raw_hash_set.h:2779)
==72637==    by 0x622D07B: std::pair<absl::container_internal::raw_hash_set<absl::container_internal::FlatHashMapPolicy<std::__cxx11::basic_string<char, std::char_traits<char>, std::allocator<char> >, std::function<std::unique_ptr<mediapipe::packet_internal::HolderBase, std::default_delete<mediapipe::packet_internal::HolderBase> > ()> >, absl::container_internal::StringHash, absl::container_internal::StringEq, std::allocator<std::pair<std::__cxx11::basic_string<char, std::char_traits<char>, std::allocator<char> > const, std::function<std::unique_ptr<mediapipe::packet_internal::HolderBase, std::default_delete<mediapipe::packet_internal::HolderBase> > ()> > > >::iterator, bool> absl::container_internal::raw_hash_set<absl::container_internal::FlatHashMapPolicy<std::__cxx11::basic_string<char, std::char_traits<char>, std::allocator<char> >, std::function<std::unique_ptr<mediapipe::packet_internal::HolderBase, std::default_delete<mediapipe::packet_internal::HolderBase> > ()> >, absl::container_internal::StringHash, absl::container_internal::StringEq, std::allocator<std::pair<std::__cxx11::basic_string<char, std::char_traits<char>, std::allocator<char> > const, std::function<std::unique_ptr<mediapipe::packet_internal::HolderBase, std::default_delete<mediapipe::packet_internal::HolderBase> > ()> > > >::EmplaceDecomposable::operator()<std::__cxx11::basic_string<char, std::char_traits<char>, std::allocator<char> >, std::piecewise_construct_t const&, std::tuple<std::__cxx11::basic_string<char, std::char_traits<char>, std::allocator<char> >&&>, std::tuple<std::function<std::unique_ptr<mediapipe::packet_internal::HolderBase, std::default_delete<mediapipe::packet_internal::HolderBase> > ()>&&> >(std::__cxx11::basic_string<char, std::char_traits<char>, std::allocator<char> > const&, std::piecewise_construct_t const&, std::tuple<std::__cxx11::basic_string<char, std::char_traits<char>, std::allocator<char> >&&>&&, std::tuple<std::function<std::unique_ptr<mediapipe::packet_internal::HolderBase, std::default_delete<mediapipe::packet_internal::HolderBase> > ()>&&>&&) const (raw_hash_set.h:2529)
==72637==    by 0x622C80B: decltype (((declval<absl::container_internal::raw_hash_set<absl::container_internal::FlatHashMapPolicy<std::__cxx11::basic_string<char, std::char_traits<char>, std::allocator<char> >, std::function<std::unique_ptr<mediapipe::packet_internal::HolderBase, std::default_delete<mediapipe::packet_internal::HolderBase> > ()> >, absl::container_internal::StringHash, absl::container_internal::StringEq, std::allocator<std::pair<std::__cxx11::basic_string<char, std::char_traits<char>, std::allocator<char> > const, std::function<std::unique_ptr<mediapipe::packet_internal::HolderBase, std::default_delete<mediapipe::packet_internal::HolderBase> > ()> > > >::EmplaceDecomposable>)())((declval<std::__cxx11::basic_string<char, std::char_traits<char>, std::allocator<char> >&& const&>)(), std::piecewise_construct, (declval<std::tuple<std::__cxx11::basic_string<char, std::char_traits<char>, std::allocator<char> >&&> >)(), (declval<std::tuple<std::function<std::unique_ptr<mediapipe::packet_internal::HolderBase, std::default_delete<mediapipe::packet_internal::HolderBase> > ()>&&> >)())) absl::container_internal::memory_internal::DecomposePairImpl<absl::container_internal::raw_hash_set<absl::container_internal::FlatHashMapPolicy<std::__cxx11::basic_string<char, std::char_traits<char>, std::allocator<char> >, std::function<std::unique_ptr<mediapipe::packet_internal::HolderBase, std::default_delete<mediapipe::packet_internal::HolderBase> > ()> >, absl::container_internal::StringHash, absl::container_internal::StringEq, std::allocator<std::pair<std::__cxx11::basic_string<char, std::char_traits<char>, std::allocator<char> > const, std::function<std::unique_ptr<mediapipe::packet_internal::HolderBase, std::default_delete<mediapipe::packet_internal::HolderBase> > ()> > > >::EmplaceDecomposable, std::__cxx11::basic_string<char, std::char_traits<char>, std::allocator<char> >&&, std::tuple<std::function<std::unique_ptr<mediapipe::packet_internal::HolderBase, std::default_delete<mediapipe::packet_internal::HolderBase> > ()>&&> >(absl::container_internal::raw_hash_set<absl::container_internal::FlatHashMapPolicy<std::__cxx11::basic_string<char, std::char_traits<char>, std::allocator<char> >, std::function<std::unique_ptr<mediapipe::packet_internal::HolderBase, std::default_delete<mediapipe::packet_internal::HolderBase> > ()> >, absl::container_internal::StringHash, absl::container_internal::StringEq, std::allocator<std::pair<std::__cxx11::basic_string<char, std::char_traits<char>, std::allocator<char> > const, std::function<std::unique_ptr<mediapipe::packet_internal::HolderBase, std::default_delete<mediapipe::packet_internal::HolderBase> > ()> > > >::EmplaceDecomposable&&, std::pair<std::tuple<std::__cxx11::basic_string<char, std::char_traits<char>, std::allocator<char> >&&>, std::tuple<std::function<std::unique_ptr<mediapipe::packet_internal::HolderBase, std::default_delete<mediapipe::packet_internal::HolderBase> > ()>&&> >) (container_memory.h:140)
==72637== 
==72637== 2,120 bytes in 53 blocks are possibly lost in loss record 1,328 of 1,423
==72637==    at 0x4885828: operator new(unsigned long) (vg_replace_malloc.c:422)
==72637==    by 0x663CCB: google::protobuf::RepeatedField<long>::Reserve(int) (repeated_field.h:920)
==72637==    by 0x662AD7: google::protobuf::RepeatedField<long>::RepeatedField(google::protobuf::RepeatedField<long> const&) (repeated_field.h:518)
==72637==    by 0x6DA46FB: mediapipe::TimeHistogram::TimeHistogram(mediapipe::TimeHistogram const&) (calculator_profile.pb.cc:429)
==72637==    by 0x6DA622F: mediapipe::CalculatorProfile::CalculatorProfile(mediapipe::CalculatorProfile const&) (calculator_profile.pb.cc:1068)
==72637==    by 0x6D84E5F: std::pair<std::__cxx11::basic_string<char, std::char_traits<char>, std::allocator<char> > const, mediapipe::CalculatorProfile>::pair<std::__cxx11::basic_string<char, std::char_traits<char>, std::allocator<char> > const, mediapipe::CalculatorProfile, true>(std::__cxx11::basic_string<char, std::char_traits<char>, std::allocator<char> > const&, mediapipe::CalculatorProfile const&) (stl_pair.h:412)
==72637==    by 0x6D7F553: void std::__new_allocator<std::__detail::_Hash_node<std::pair<std::__cxx11::basic_string<char, std::char_traits<char>, std::allocator<char> > const, mediapipe::CalculatorProfile>, true> >::construct<std::pair<std::__cxx11::basic_string<char, std::char_traits<char>, std::allocator<char> > const, mediapipe::CalculatorProfile>, std::__cxx11::basic_string<char, std::char_traits<char>, std::allocator<char> > const&, mediapipe::CalculatorProfile const&>(std::pair<std::__cxx11::basic_string<char, std::char_traits<char>, std::allocator<char> > const, mediapipe::CalculatorProfile>*, std::__cxx11::basic_string<char, std::char_traits<char>, std::allocator<char> > const&, mediapipe::CalculatorProfile const&) (new_allocator.h:175)
==72637==    by 0x6D7A033: void std::allocator_traits<std::allocator<std::__detail::_Hash_node<std::pair<std::__cxx11::basic_string<char, std::char_traits<char>, std::allocator<char> > const, mediapipe::CalculatorProfile>, true> > >::construct<std::pair<std::__cxx11::basic_string<char, std::char_traits<char>, std::allocator<char> > const, mediapipe::CalculatorProfile>, std::__cxx11::basic_string<char, std::char_traits<char>, std::allocator<char> > const&, mediapipe::CalculatorProfile const&>(std::allocator<std::__detail::_Hash_node<std::pair<std::__cxx11::basic_string<char, std::char_traits<char>, std::allocator<char> > const, mediapipe::CalculatorProfile>, true> >&, std::pair<std::__cxx11::basic_string<char, std::char_traits<char>, std::allocator<char> > const, mediapipe::CalculatorProfile>*, std::__cxx11::basic_string<char, std::char_traits<char>, std::allocator<char> > const&, mediapipe::CalculatorProfile const&) (alloc_traits.h:516)
==72637==    by 0x6D7584B: std::__detail::_Hash_node<std::pair<std::__cxx11::basic_string<char, std::char_traits<char>, std::allocator<char> > const, mediapipe::CalculatorProfile>, true>* std::__detail::_Hashtable_alloc<std::allocator<std::__detail::_Hash_node<std::pair<std::__cxx11::basic_string<char, std::char_traits<char>, std::allocator<char> > const, mediapipe::CalculatorProfile>, true> > >::_M_allocate_node<std::__cxx11::basic_string<char, std::char_traits<char>, std::allocator<char> > const&, mediapipe::CalculatorProfile const&>(std::__cxx11::basic_string<char, std::char_traits<char>, std::allocator<char> > const&, mediapipe::CalculatorProfile const&) (hashtable_policy.h:1968)
==72637==    by 0x6D7076F: std::__detail::_Hash_node<std::pair<std::__cxx11::basic_string<char, std::char_traits<char>, std::allocator<char> > const, mediapipe::CalculatorProfile>, true>* std::__detail::_AllocNode<std::allocator<std::__detail::_Hash_node<std::pair<std::__cxx11::basic_string<char, std::char_traits<char>, std::allocator<char> > const, mediapipe::CalculatorProfile>, true> > >::operator()<std::__cxx11::basic_string<char, std::char_traits<char>, std::allocator<char> > const&, mediapipe::CalculatorProfile const&>(std::__cxx11::basic_string<char, std::char_traits<char>, std::allocator<char> > const&, mediapipe::CalculatorProfile const&) const (hashtable_policy.h:212)
==72637==    by 0x6D6D913: std::__detail::_AllocNode<std::allocator<std::__detail::_Hash_node<std::pair<std::__cxx11::basic_string<char, std::char_traits<char>, std::allocator<char> > const, mediapipe::CalculatorProfile>, true> > >::__node_type* std::__detail::_NodeBuilder<std::__detail::_Select1st>::_S_build<std::__cxx11::basic_string<char, std::char_traits<char>, std::allocator<char> > const&, std::pair<std::__cxx11::basic_string<char, std::char_traits<char>, std::allocator<char> > const, mediapipe::CalculatorProfile> const&, std::__detail::_AllocNode<std::allocator<std::__detail::_Hash_node<std::pair<std::__cxx11::basic_string<char, std::char_traits<char>, std::allocator<char> > const, mediapipe::CalculatorProfile>, true> > > >(std::__cxx11::basic_string<char, std::char_traits<char>, std::allocator<char> > const&, std::pair<std::__cxx11::basic_string<char, std::char_traits<char>, std::allocator<char> > const, mediapipe::CalculatorProfile> const&, std::__detail::_AllocNode<std::allocator<std::__detail::_Hash_node<std::pair<std::__cxx11::basic_string<char, std::char_traits<char>, std::allocator<char> > const, mediapipe::CalculatorProfile>, true> > > const&) (hashtable_policy.h:125)
==72637==    by 0x6D6AAA7: std::pair<std::__detail::_Node_iterator<std::pair<std::__cxx11::basic_string<char, std::char_traits<char>, std::allocator<char> > const, mediapipe::CalculatorProfile>, false, true>, bool> std::_Hashtable<std::__cxx11::basic_string<char, std::char_traits<char>, std::allocator<char> >, std::pair<std::__cxx11::basic_string<char, std::char_traits<char>, std::allocator<char> > const, mediapipe::CalculatorProfile>, std::allocator<std::pair<std::__cxx11::basic_string<char, std::char_traits<char>, std::allocator<char> > const, mediapipe::CalculatorProfile> >, std::__detail::_Select1st, std::equal_to<std::__cxx11::basic_string<char, std::char_traits<char>, std::allocator<char> > >, std::hash<std::__cxx11::basic_string<char, std::char_traits<char>, std::allocator<char> > >, std::__detail::_Mod_range_hashing, std::__detail::_Default_ranged_hash, std::__detail::_Prime_rehash_policy, std::__detail::_Hashtable_traits<true, false, true> >::_M_insert_unique<std::__cxx11::basic_string<char, std::char_traits<char>, std::allocator<char> > const&, std::pair<std::__cxx11::basic_string<char, std::char_traits<char>, std::allocator<char> > const, mediapipe::CalculatorProfile> const&, std::__detail::_AllocNode<std::allocator<std::__detail::_Hash_node<std::pair<std::__cxx11::basic_string<char, std::char_traits<char>, std::allocator<char> > const, mediapipe::CalculatorProfile>, true> > > >(std::__cxx11::basic_string<char, std::char_traits<char>, std::allocator<char> > const&, std::pair<std::__cxx11::basic_string<char, std::char_traits<char>, std::allocator<char> > const, mediapipe::CalculatorProfile> const&, std::__detail::_AllocNode<std::allocator<std::__detail::_Hash_node<std::pair<std::__cxx11::basic_string<char, std::char_traits<char>, std::allocator<char> > const, mediapipe::CalculatorProfile>, true> > > const&) (hashtable.h:2247)
==72637== 
==72637== 2,176 bytes in 1 blocks are possibly lost in loss record 1,329 of 1,423
==72637==    at 0x4885828: operator new(unsigned long) (vg_replace_malloc.c:422)
==72637==    by 0x621DC67: std::__new_allocator<absl::container_internal::AlignedType<8ul> >::allocate(unsigned long, void const*) (new_allocator.h:137)
==72637==    by 0x621D5BF: std::allocator_traits<std::allocator<absl::container_internal::AlignedType<8ul> > >::allocate(std::allocator<absl::container_internal::AlignedType<8ul> >&, unsigned long) (alloc_traits.h:464)
==72637==    by 0x621CB8F: void* absl::container_internal::Allocate<8ul, std::allocator<char> >(std::allocator<char>*, unsigned long) (container_memory.h:65)
==72637==    by 0x636AF37: void absl::container_internal::InitializeSlots<std::allocator<char>, 16ul, 8ul>(absl::container_internal::CommonFields&, std::allocator<char>) (raw_hash_set.h:1488)
==72637==    by 0x6CF0A73: absl::container_internal::raw_hash_set<absl::container_internal::FlatHashMapPolicy<mediapipe::InputStreamManager*, int>, absl::container_internal::HashEq<mediapipe::InputStreamManager*, void>::Hash, absl::container_internal::HashEq<mediapipe::InputStreamManager*, void>::Eq, std::allocator<std::pair<mediapipe::InputStreamManager* const, int> > >::initialize_slots() (raw_hash_set.h:2602)
==72637==    by 0x6CEDD33: absl::container_internal::raw_hash_set<absl::container_internal::FlatHashMapPolicy<mediapipe::InputStreamManager*, int>, absl::container_internal::HashEq<mediapipe::InputStreamManager*, void>::Hash, absl::container_internal::HashEq<mediapipe::InputStreamManager*, void>::Eq, std::allocator<std::pair<mediapipe::InputStreamManager* const, int> > >::resize(unsigned long) (raw_hash_set.h:2613)
==72637==    by 0x6CEDF77: absl::container_internal::raw_hash_set<absl::container_internal::FlatHashMapPolicy<mediapipe::InputStreamManager*, int>, absl::container_internal::HashEq<mediapipe::InputStreamManager*, void>::Hash, absl::container_internal::HashEq<mediapipe::InputStreamManager*, void>::Eq, std::allocator<std::pair<mediapipe::InputStreamManager* const, int> > >::rehash_and_grow_if_necessary() (raw_hash_set.h:2702)
==72637==    by 0x6CEA54F: absl::container_internal::raw_hash_set<absl::container_internal::FlatHashMapPolicy<mediapipe::InputStreamManager*, int>, absl::container_internal::HashEq<mediapipe::InputStreamManager*, void>::Hash, absl::container_internal::HashEq<mediapipe::InputStreamManager*, void>::Eq, std::allocator<std::pair<mediapipe::InputStreamManager* const, int> > >::prepare_insert(unsigned long) (raw_hash_set.h:2798)
==72637==    by 0x6CE62C3: std::pair<unsigned long, bool> absl::container_internal::raw_hash_set<absl::container_internal::FlatHashMapPolicy<mediapipe::InputStreamManager*, int>, absl::container_internal::HashEq<mediapipe::InputStreamManager*, void>::Hash, absl::container_internal::HashEq<mediapipe::InputStreamManager*, void>::Eq, std::allocator<std::pair<mediapipe::InputStreamManager* const, int> > >::find_or_prepare_insert<mediapipe::InputStreamManager*>(mediapipe::InputStreamManager* const&) (raw_hash_set.h:2779)
==72637==    by 0x6CDFC87: std::pair<absl::container_internal::raw_hash_set<absl::container_internal::FlatHashMapPolicy<mediapipe::InputStreamManager*, int>, absl::container_internal::HashEq<mediapipe::InputStreamManager*, void>::Hash, absl::container_internal::HashEq<mediapipe::InputStreamManager*, void>::Eq, std::allocator<std::pair<mediapipe::InputStreamManager* const, int> > >::iterator, bool> absl::container_internal::raw_hash_map<absl::container_internal::FlatHashMapPolicy<mediapipe::InputStreamManager*, int>, absl::container_internal::HashEq<mediapipe::InputStreamManager*, void>::Hash, absl::container_internal::HashEq<mediapipe::InputStreamManager*, void>::Eq, std::allocator<std::pair<mediapipe::InputStreamManager* const, int> > >::try_emplace_impl<mediapipe::InputStreamManager*>(mediapipe::InputStreamManager*&&) (raw_hash_map.h:204)
==72637==    by 0x6CD9243: std::pair<absl::container_internal::raw_hash_set<absl::container_internal::FlatHashMapPolicy<mediapipe::InputStreamManager*, int>, absl::container_internal::HashEq<mediapipe::InputStreamManager*, void>::Hash, absl::container_internal::HashEq<mediapipe::InputStreamManager*, void>::Eq, std::allocator<std::pair<mediapipe::InputStreamManager* const, int> > >::iterator, bool> absl::container_internal::raw_hash_map<absl::container_internal::FlatHashMapPolicy<mediapipe::InputStreamManager*, int>, absl::container_internal::HashEq<mediapipe::InputStreamManager*, void>::Hash, absl::container_internal::HashEq<mediapipe::InputStreamManager*, void>::Eq, std::allocator<std::pair<mediapipe::InputStreamManager* const, int> > >::try_emplace<mediapipe::InputStreamManager*, , 0, (mediapipe::InputStreamManager**)0>(mediapipe::InputStreamManager*&&) (raw_hash_map.h:133)
==72637== 
==72637== 3,456 bytes in 8 blocks are possibly lost in loss record 1,360 of 1,423
==72637==    at 0x4889F94: calloc (vg_replace_malloc.c:1328)
==72637==    by 0x400F3F3: calloc (rtld-malloc.h:44)
==72637==    by 0x400F3F3: allocate_dtv (dl-tls.c:401)
==72637==    by 0x400FE9F: _dl_allocate_tls (dl-tls.c:670)
==72637==    by 0x89BF88B: allocate_stack (allocatestack.c:423)
==72637==    by 0x89BF88B: pthread_create@@GLIBC_2.34 (pthread_create.c:650)
==72637==    by 0x6D1A647: mediapipe::ThreadPool::WorkerThread::WorkerThread(mediapipe::ThreadPool*, std::__cxx11::basic_string<char, std::char_traits<char>, std::allocator<char> > const&) (threadpool_pthread_impl.cc:52)
==72637==    by 0x6D1B24F: mediapipe::ThreadPool::StartWorkers() (threadpool_pthread_impl.cc:148)
==72637==    by 0x6D12EF7: mediapipe::ThreadPoolExecutor::Start() (thread_pool_executor.cc:102)
==72637==    by 0x6D12C33: mediapipe::ThreadPoolExecutor::ThreadPoolExecutor(mediapipe::ThreadOptions const&, int) (thread_pool_executor.cc:89)
==72637==    by 0x6D12933: mediapipe::ThreadPoolExecutor::Create(mediapipe::MediaPipeOptions const&) (thread_pool_executor.cc:74)
==72637==    by 0x6CCC16F: mediapipe::CalculatorGraph::CreateDefaultThreadPool(mediapipe::ThreadPoolExecutorOptions const*, int) (calculator_graph.cc:1435)
==72637==    by 0x6CC5DDB: mediapipe::CalculatorGraph::InitializeDefaultExecutor(mediapipe::ThreadPoolExecutorOptions const*, bool) (calculator_graph.cc:471)
==72637==    by 0x6CC5937: mediapipe::CalculatorGraph::InitializeExecutors() (calculator_graph.cc:431)
==72637== 
==72637== 6,128 bytes in 1 blocks are possibly lost in loss record 1,390 of 1,423
==72637==    at 0x4885828: operator new(unsigned long) (vg_replace_malloc.c:422)
==72637==    by 0x621DC67: std::__new_allocator<absl::container_internal::AlignedType<8ul> >::allocate(unsigned long, void const*) (new_allocator.h:137)
==72637==    by 0x621D5BF: std::allocator_traits<std::allocator<absl::container_internal::AlignedType<8ul> > >::allocate(std::allocator<absl::container_internal::AlignedType<8ul> >&, unsigned long) (alloc_traits.h:464)
==72637==    by 0x621CB8F: void* absl::container_internal::Allocate<8ul, std::allocator<char> >(std::allocator<char>*, unsigned long) (container_memory.h:65)
==72637==    by 0x6DF7777: void absl::container_internal::InitializeSlots<std::allocator<char>, 96ul, 8ul>(absl::container_internal::CommonFields&, std::allocator<char>) (raw_hash_set.h:1488)
==72637==    by 0x6DF69DF: absl::container_internal::raw_hash_set<absl::container_internal::FlatHashMapPolicy<std::__cxx11::basic_string<char, std::char_traits<char>, std::allocator<char> >, mediapipe::tool::Descriptor>, absl::container_internal::StringHash, absl::container_internal::StringEq, std::allocator<std::pair<std::__cxx11::basic_string<char, std::char_traits<char>, std::allocator<char> > const, mediapipe::tool::Descriptor> > >::initialize_slots() (raw_hash_set.h:2602)
==72637==    by 0x6DF58A3: absl::container_internal::raw_hash_set<absl::container_internal::FlatHashMapPolicy<std::__cxx11::basic_string<char, std::char_traits<char>, std::allocator<char> >, mediapipe::tool::Descriptor>, absl::container_internal::StringHash, absl::container_internal::StringEq, std::allocator<std::pair<std::__cxx11::basic_string<char, std::char_traits<char>, std::allocator<char> > const, mediapipe::tool::Descriptor> > >::resize(unsigned long) (raw_hash_set.h:2613)
==72637==    by 0x6DF5B23: absl::container_internal::raw_hash_set<absl::container_internal::FlatHashMapPolicy<std::__cxx11::basic_string<char, std::char_traits<char>, std::allocator<char> >, mediapipe::tool::Descriptor>, absl::container_internal::StringHash, absl::container_internal::StringEq, std::allocator<std::pair<std::__cxx11::basic_string<char, std::char_traits<char>, std::allocator<char> > const, mediapipe::tool::Descriptor> > >::rehash_and_grow_if_necessary() (raw_hash_set.h:2702)
==72637==    by 0x6DF42F3: absl::container_internal::raw_hash_set<absl::container_internal::FlatHashMapPolicy<std::__cxx11::basic_string<char, std::char_traits<char>, std::allocator<char> >, mediapipe::tool::Descriptor>, absl::container_internal::StringHash, absl::container_internal::StringEq, std::allocator<std::pair<std::__cxx11::basic_string<char, std::char_traits<char>, std::allocator<char> > const, mediapipe::tool::Descriptor> > >::prepare_insert(unsigned long) (raw_hash_set.h:2798)
==72637==    by 0x6DF2493: std::pair<unsigned long, bool> absl::container_internal::raw_hash_set<absl::container_internal::FlatHashMapPolicy<std::__cxx11::basic_string<char, std::char_traits<char>, std::allocator<char> >, mediapipe::tool::Descriptor>, absl::container_internal::StringHash, absl::container_internal::StringEq, std::allocator<std::pair<std::__cxx11::basic_string<char, std::char_traits<char>, std::allocator<char> > const, mediapipe::tool::Descriptor> > >::find_or_prepare_insert<std::__cxx11::basic_string<char, std::char_traits<char>, std::allocator<char> > >(std::__cxx11::basic_string<char, std::char_traits<char>, std::allocator<char> > const&) (raw_hash_set.h:2779)
==72637==    by 0x6DF096F: std::pair<absl::container_internal::raw_hash_set<absl::container_internal::FlatHashMapPolicy<std::__cxx11::basic_string<char, std::char_traits<char>, std::allocator<char> >, mediapipe::tool::Descriptor>, absl::container_internal::StringHash, absl::container_internal::StringEq, std::allocator<std::pair<std::__cxx11::basic_string<char, std::char_traits<char>, std::allocator<char> > const, mediapipe::tool::Descriptor> > >::iterator, bool> absl::container_internal::raw_hash_map<absl::container_internal::FlatHashMapPolicy<std::__cxx11::basic_string<char, std::char_traits<char>, std::allocator<char> >, mediapipe::tool::Descriptor>, absl::container_internal::StringHash, absl::container_internal::StringEq, std::allocator<std::pair<std::__cxx11::basic_string<char, std::char_traits<char>, std::allocator<char> > const, mediapipe::tool::Descriptor> > >::try_emplace_impl<std::__cxx11::basic_string<char, std::char_traits<char>, std::allocator<char> > const&>(std::__cxx11::basic_string<char, std::char_traits<char>, std::allocator<char> > const&) (raw_hash_map.h:204)
==72637==    by 0x6DEF40B: std::pair<absl::container_internal::raw_hash_set<absl::container_internal::FlatHashMapPolicy<std::__cxx11::basic_string<char, std::char_traits<char>, std::allocator<char> >, mediapipe::tool::Descriptor>, absl::container_internal::StringHash, absl::container_internal::StringEq, std::allocator<std::pair<std::__cxx11::basic_string<char, std::char_traits<char>, std::allocator<char> > const, mediapipe::tool::Descriptor> > >::iterator, bool> absl::container_internal::raw_hash_map<absl::container_internal::FlatHashMapPolicy<std::__cxx11::basic_string<char, std::char_traits<char>, std::allocator<char> >, mediapipe::tool::Descriptor>, absl::container_internal::StringHash, absl::container_internal::StringEq, std::allocator<std::pair<std::__cxx11::basic_string<char, std::char_traits<char>, std::allocator<char> > const, mediapipe::tool::Descriptor> > >::try_emplace<std::__cxx11::basic_string<char, std::char_traits<char>, std::allocator<char> >, , 0>(std::__cxx11::basic_string<char, std::char_traits<char>, std::allocator<char> > const&) (raw_hash_map.h:141)
==72637== 
==72637== 8,272 bytes in 1 blocks are possibly lost in loss record 1,399 of 1,423
==72637==    at 0x4885828: operator new(unsigned long) (vg_replace_malloc.c:422)
==72637==    by 0x621DC67: std::__new_allocator<absl::container_internal::AlignedType<8ul> >::allocate(unsigned long, void const*) (new_allocator.h:137)
==72637==    by 0x621D5BF: std::allocator_traits<std::allocator<absl::container_internal::AlignedType<8ul> > >::allocate(std::allocator<absl::container_internal::AlignedType<8ul> >&, unsigned long) (alloc_traits.h:464)
==72637==    by 0x621CB8F: void* absl::container_internal::Allocate<8ul, std::allocator<char> >(std::allocator<char>*, unsigned long) (container_memory.h:65)
==72637==    by 0x621DE8B: void absl::container_internal::InitializeSlots<std::allocator<char>, 64ul, 8ul>(absl::container_internal::CommonFields&, std::allocator<char>) (raw_hash_set.h:1488)
==72637==    by 0x622DD1F: absl::container_internal::raw_hash_set<absl::container_internal::FlatHashMapPolicy<std::__cxx11::basic_string<char, std::char_traits<char>, std::allocator<char> >, std::function<std::unique_ptr<mediapipe::internal::CalculatorBaseFactory, std::default_delete<mediapipe::internal::CalculatorBaseFactory> > ()> >, absl::container_internal::StringHash, absl::container_internal::StringEq, std::allocator<std::pair<std::__cxx11::basic_string<char, std::char_traits<char>, std::allocator<char> > const, std::function<std::unique_ptr<mediapipe::internal::CalculatorBaseFactory, std::default_delete<mediapipe::internal::CalculatorBaseFactory> > ()> > > >::initialize_slots() (raw_hash_set.h:2602)
==72637==    by 0x622D2FB: absl::container_internal::raw_hash_set<absl::container_internal::FlatHashMapPolicy<std::__cxx11::basic_string<char, std::char_traits<char>, std::allocator<char> >, std::function<std::unique_ptr<mediapipe::internal::CalculatorBaseFactory, std::default_delete<mediapipe::internal::CalculatorBaseFactory> > ()> >, absl::container_internal::StringHash, absl::container_internal::StringEq, std::allocator<std::pair<std::__cxx11::basic_string<char, std::char_traits<char>, std::allocator<char> > const, std::function<std::unique_ptr<mediapipe::internal::CalculatorBaseFactory, std::default_delete<mediapipe::internal::CalculatorBaseFactory> > ()> > > >::resize(unsigned long) (raw_hash_set.h:2613)
==72637==    by 0x622D53F: absl::container_internal::raw_hash_set<absl::container_internal::FlatHashMapPolicy<std::__cxx11::basic_string<char, std::char_traits<char>, std::allocator<char> >, std::function<std::unique_ptr<mediapipe::internal::CalculatorBaseFactory, std::default_delete<mediapipe::internal::CalculatorBaseFactory> > ()> >, absl::container_internal::StringHash, absl::container_internal::StringEq, std::allocator<std::pair<std::__cxx11::basic_string<char, std::char_traits<char>, std::allocator<char> > const, std::function<std::unique_ptr<mediapipe::internal::CalculatorBaseFactory, std::default_delete<mediapipe::internal::CalculatorBaseFactory> > ()> > > >::rehash_and_grow_if_necessary() (raw_hash_set.h:2702)
==72637==    by 0x622CBDF: absl::container_internal::raw_hash_set<absl::container_internal::FlatHashMapPolicy<std::__cxx11::basic_string<char, std::char_traits<char>, std::allocator<char> >, std::function<std::unique_ptr<mediapipe::internal::CalculatorBaseFactory, std::default_delete<mediapipe::internal::CalculatorBaseFactory> > ()> >, absl::container_internal::StringHash, absl::container_internal::StringEq, std::allocator<std::pair<std::__cxx11::basic_string<char, std::char_traits<char>, std::allocator<char> > const, std::function<std::unique_ptr<mediapipe::internal::CalculatorBaseFactory, std::default_delete<mediapipe::internal::CalculatorBaseFactory> > ()> > > >::prepare_insert(unsigned long) (raw_hash_set.h:2798)
==72637==    by 0x622C21B: std::pair<unsigned long, bool> absl::container_internal::raw_hash_set<absl::container_internal::FlatHashMapPolicy<std::__cxx11::basic_string<char, std::char_traits<char>, std::allocator<char> >, std::function<std::unique_ptr<mediapipe::internal::CalculatorBaseFactory, std::default_delete<mediapipe::internal::CalculatorBaseFactory> > ()> >, absl::container_internal::StringHash, absl::container_internal::StringEq, std::allocator<std::pair<std::__cxx11::basic_string<char, std::char_traits<char>, std::allocator<char> > const, std::function<std::unique_ptr<mediapipe::internal::CalculatorBaseFactory, std::default_delete<mediapipe::internal::CalculatorBaseFactory> > ()> > > >::find_or_prepare_insert<std::__cxx11::basic_string<char, std::char_traits<char>, std::allocator<char> > >(std::__cxx11::basic_string<char, std::char_traits<char>, std::allocator<char> > const&) (raw_hash_set.h:2779)
==72637==    by 0x622B8BB: std::pair<absl::container_internal::raw_hash_set<absl::container_internal::FlatHashMapPolicy<std::__cxx11::basic_string<char, std::char_traits<char>, std::allocator<char> >, std::function<std::unique_ptr<mediapipe::internal::CalculatorBaseFactory, std::default_delete<mediapipe::internal::CalculatorBaseFactory> > ()> >, absl::container_internal::StringHash, absl::container_internal::StringEq, std::allocator<std::pair<std::__cxx11::basic_string<char, std::char_traits<char>, std::allocator<char> > const, std::function<std::unique_ptr<mediapipe::internal::CalculatorBaseFactory, std::default_delete<mediapipe::internal::CalculatorBaseFactory> > ()> > > >::iterator, bool> absl::container_internal::raw_hash_set<absl::container_internal::FlatHashMapPolicy<std::__cxx11::basic_string<char, std::char_traits<char>, std::allocator<char> >, std::function<std::unique_ptr<mediapipe::internal::CalculatorBaseFactory, std::default_delete<mediapipe::internal::CalculatorBaseFactory> > ()> >, absl::container_internal::StringHash, absl::container_internal::StringEq, std::allocator<std::pair<std::__cxx11::basic_string<char, std::char_traits<char>, std::allocator<char> > const, std::function<std::unique_ptr<mediapipe::internal::CalculatorBaseFactory, std::default_delete<mediapipe::internal::CalculatorBaseFactory> > ()> > > >::EmplaceDecomposable::operator()<std::__cxx11::basic_string<char, std::char_traits<char>, std::allocator<char> >, std::piecewise_construct_t const&, std::tuple<std::__cxx11::basic_string<char, std::char_traits<char>, std::allocator<char> >&&>, std::tuple<std::function<std::unique_ptr<mediapipe::internal::CalculatorBaseFactory, std::default_delete<mediapipe::internal::CalculatorBaseFactory> > ()>&&> >(std::__cxx11::basic_string<char, std::char_traits<char>, std::allocator<char> > const&, std::piecewise_construct_t const&, std::tuple<std::__cxx11::basic_string<char, std::char_traits<char>, std::allocator<char> >&&>&&, std::tuple<std::function<std::unique_ptr<mediapipe::internal::CalculatorBaseFactory, std::default_delete<mediapipe::internal::CalculatorBaseFactory> > ()>&&>&&) const (raw_hash_set.h:2529)
==72637==    by 0x622AD73: decltype (((declval<absl::container_internal::raw_hash_set<absl::container_internal::FlatHashMapPolicy<std::__cxx11::basic_string<char, std::char_traits<char>, std::allocator<char> >, std::function<std::unique_ptr<mediapipe::internal::CalculatorBaseFactory, std::default_delete<mediapipe::internal::CalculatorBaseFactory> > ()> >, absl::container_internal::StringHash, absl::container_internal::StringEq, std::allocator<std::pair<std::__cxx11::basic_string<char, std::char_traits<char>, std::allocator<char> > const, std::function<std::unique_ptr<mediapipe::internal::CalculatorBaseFactory, std::default_delete<mediapipe::internal::CalculatorBaseFactory> > ()> > > >::EmplaceDecomposable>)())((declval<std::__cxx11::basic_string<char, std::char_traits<char>, std::allocator<char> >&& const&>)(), std::piecewise_construct, (declval<std::tuple<std::__cxx11::basic_string<char, std::char_traits<char>, std::allocator<char> >&&> >)(), (declval<std::tuple<std::function<std::unique_ptr<mediapipe::internal::CalculatorBaseFactory, std::default_delete<mediapipe::internal::CalculatorBaseFactory> > ()>&&> >)())) absl::container_internal::memory_internal::DecomposePairImpl<absl::container_internal::raw_hash_set<absl::container_internal::FlatHashMapPolicy<std::__cxx11::basic_string<char, std::char_traits<char>, std::allocator<char> >, std::function<std::unique_ptr<mediapipe::internal::CalculatorBaseFactory, std::default_delete<mediapipe::internal::CalculatorBaseFactory> > ()> >, absl::container_internal::StringHash, absl::container_internal::StringEq, std::allocator<std::pair<std::__cxx11::basic_string<char, std::char_traits<char>, std::allocator<char> > const, std::function<std::unique_ptr<mediapipe::internal::CalculatorBaseFactory, std::default_delete<mediapipe::internal::CalculatorBaseFactory> > ()> > > >::EmplaceDecomposable, std::__cxx11::basic_string<char, std::char_traits<char>, std::allocator<char> >&&, std::tuple<std::function<std::unique_ptr<mediapipe::internal::CalculatorBaseFactory, std::default_delete<mediapipe::internal::CalculatorBaseFactory> > ()>&&> >(absl::container_internal::raw_hash_set<absl::container_internal::FlatHashMapPolicy<std::__cxx11::basic_string<char, std::char_traits<char>, std::allocator<char> >, std::function<std::unique_ptr<mediapipe::internal::CalculatorBaseFactory, std::default_delete<mediapipe::internal::CalculatorBaseFactory> > ()> >, absl::container_internal::StringHash, absl::container_internal::StringEq, std::allocator<std::pair<std::__cxx11::basic_string<char, std::char_traits<char>, std::allocator<char> > const, std::function<std::unique_ptr<mediapipe::internal::CalculatorBaseFactory, std::default_delete<mediapipe::internal::CalculatorBaseFactory> > ()> > > >::EmplaceDecomposable&&, std::pair<std::tuple<std::__cxx11::basic_string<char, std::char_traits<char>, std::allocator<char> >&&>, std::tuple<std::function<std::unique_ptr<mediapipe::internal::CalculatorBaseFactory, std::default_delete<mediapipe::internal::CalculatorBaseFactory> > ()>&&> >) (container_memory.h:140)
==72637== 
==72637== 23,272 bytes in 30 blocks are possibly lost in loss record 1,416 of 1,423
==72637==    at 0x4885828: operator new(unsigned long) (vg_replace_malloc.c:422)
==72637==    by 0x621DC67: std::__new_allocator<absl::container_internal::AlignedType<8ul> >::allocate(unsigned long, void const*) (new_allocator.h:137)
==72637==    by 0x621D5BF: std::allocator_traits<std::allocator<absl::container_internal::AlignedType<8ul> > >::allocate(std::allocator<absl::container_internal::AlignedType<8ul> >&, unsigned long) (alloc_traits.h:464)
==72637==    by 0x621CB8F: void* absl::container_internal::Allocate<8ul, std::allocator<char> >(std::allocator<char>*, unsigned long) (container_memory.h:65)
==72637==    by 0x6DF4633: void absl::container_internal::InitializeSlots<std::allocator<char>, 104ul, 8ul>(absl::container_internal::CommonFields&, std::allocator<char>) (raw_hash_set.h:1488)
==72637==    by 0x6DF279F: absl::container_internal::raw_hash_set<absl::container_internal::FlatHashMapPolicy<std::__cxx11::basic_string<char, std::char_traits<char>, std::allocator<char> >, mediapipe::tool::FieldDescriptor>, absl::container_internal::StringHash, absl::container_internal::StringEq, std::allocator<std::pair<std::__cxx11::basic_string<char, std::char_traits<char>, std::allocator<char> > const, mediapipe::tool::FieldDescriptor> > >::initialize_slots() (raw_hash_set.h:2602)
==72637==    by 0x6DF2867: absl::container_internal::raw_hash_set<absl::container_internal::FlatHashMapPolicy<std::__cxx11::basic_string<char, std::char_traits<char>, std::allocator<char> >, mediapipe::tool::FieldDescriptor>, absl::container_internal::StringHash, absl::container_internal::StringEq, std::allocator<std::pair<std::__cxx11::basic_string<char, std::char_traits<char>, std::allocator<char> > const, mediapipe::tool::FieldDescriptor> > >::resize(unsigned long) (raw_hash_set.h:2613)
==72637==    by 0x6DF0BAF: absl::container_internal::raw_hash_set<absl::container_internal::FlatHashMapPolicy<std::__cxx11::basic_string<char, std::char_traits<char>, std::allocator<char> >, mediapipe::tool::FieldDescriptor>, absl::container_internal::StringHash, absl::container_internal::StringEq, std::allocator<std::pair<std::__cxx11::basic_string<char, std::char_traits<char>, std::allocator<char> > const, mediapipe::tool::FieldDescriptor> > >::reserve(unsigned long) (raw_hash_set.h:2348)
==72637==    by 0x6DEF52F: absl::container_internal::raw_hash_set<absl::container_internal::FlatHashMapPolicy<std::__cxx11::basic_string<char, std::char_traits<char>, std::allocator<char> >, mediapipe::tool::FieldDescriptor>, absl::container_internal::StringHash, absl::container_internal::StringEq, std::allocator<std::pair<std::__cxx11::basic_string<char, std::char_traits<char>, std::allocator<char> > const, mediapipe::tool::FieldDescriptor> > >::raw_hash_set(absl::container_internal::raw_hash_set<absl::container_internal::FlatHashMapPolicy<std::__cxx11::basic_string<char, std::char_traits<char>, std::allocator<char> >, mediapipe::tool::FieldDescriptor>, absl::container_internal::StringHash, absl::container_internal::StringEq, std::allocator<std::pair<std::__cxx11::basic_string<char, std::char_traits<char>, std::allocator<char> > const, mediapipe::tool::FieldDescriptor> > > const&, std::allocator<std::pair<std::__cxx11::basic_string<char, std::char_traits<char>, std::allocator<char> > const, mediapipe::tool::FieldDescriptor> > const&) (raw_hash_set.h:1908)
==72637==    by 0x6DEE62F: absl::container_internal::raw_hash_set<absl::container_internal::FlatHashMapPolicy<std::__cxx11::basic_string<char, std::char_traits<char>, std::allocator<char> >, mediapipe::tool::FieldDescriptor>, absl::container_internal::StringHash, absl::container_internal::StringEq, std::allocator<std::pair<std::__cxx11::basic_string<char, std::char_traits<char>, std::allocator<char> > const, mediapipe::tool::FieldDescriptor> > >::operator=(absl::container_internal::raw_hash_set<absl::container_internal::FlatHashMapPolicy<std::__cxx11::basic_string<char, std::char_traits<char>, std::allocator<char> >, mediapipe::tool::FieldDescriptor>, absl::container_internal::StringHash, absl::container_internal::StringEq, std::allocator<std::pair<std::__cxx11::basic_string<char, std::char_traits<char>, std::allocator<char> > const, mediapipe::tool::FieldDescriptor> > > const&) (raw_hash_set.h:1956)
==72637==    by 0x6DEE12B: absl::container_internal::raw_hash_map<absl::container_internal::FlatHashMapPolicy<std::__cxx11::basic_string<char, std::char_traits<char>, std::allocator<char> >, mediapipe::tool::FieldDescriptor>, absl::container_internal::StringHash, absl::container_internal::StringEq, std::allocator<std::pair<std::__cxx11::basic_string<char, std::char_traits<char>, std::allocator<char> > const, mediapipe::tool::FieldDescriptor> > >::operator=(absl::container_internal::raw_hash_map<absl::container_internal::FlatHashMapPolicy<std::__cxx11::basic_string<char, std::char_traits<char>, std::allocator<char> >, mediapipe::tool::FieldDescriptor>, absl::container_internal::StringHash, absl::container_internal::StringEq, std::allocator<std::pair<std::__cxx11::basic_string<char, std::char_traits<char>, std::allocator<char> > const, mediapipe::tool::FieldDescriptor> > > const&) (raw_hash_map.h:33)
==72637==    by 0x6DEE153: absl::flat_hash_map<std::__cxx11::basic_string<char, std::char_traits<char>, std::allocator<char> >, mediapipe::tool::FieldDescriptor, absl::container_internal::StringHash, absl::container_internal::StringEq, std::allocator<std::pair<std::__cxx11::basic_string<char, std::char_traits<char>, std::allocator<char> > const, mediapipe::tool::FieldDescriptor> > >::operator=(absl::flat_hash_map<std::__cxx11::basic_string<char, std::char_traits<char>, std::allocator<char> >, mediapipe::tool::FieldDescriptor, absl::container_internal::StringHash, absl::container_internal::StringEq, std::allocator<std::pair<std::__cxx11::basic_string<char, std::char_traits<char>, std::allocator<char> > const, mediapipe::tool::FieldDescriptor> > > const&) (flat_hash_map.h:113)
==72637== 
==72637== LEAK SUMMARY:
==72637==    definitely lost: 0 bytes in 0 blocks
==72637==    indirectly lost: 0 bytes in 0 blocks
==72637==      possibly lost: 61,038 bytes in 500 blocks
==72637==    still reachable: 93,076,446 bytes in 9,941 blocks
==72637==                       of which reachable via heuristic:
==72637==                         newarray           : 43,480 bytes in 118 blocks
==72637==         suppressed: 0 bytes in 0 blocks
==72637== Reachable blocks (those to which a pointer was found) are not shown.
==72637== To see them, rerun with: --leak-check=full --show-leak-kinds=all
==72637== 
==72637== For lists of detected and suppressed errors, rerun with: -s
==72637== ERROR SUMMARY: 79 errors from 79 contexts (suppressed: 0 from 0)
